task,task_type,fraction,method,utility_spearman,preference_accuracy,ndcg_at_k,regret_at_1,coverage_regret_at_k,near_oracle_hit_5pct,rank_reliability,shortlist_jaccard_at_k,top1_agreement
ArXivHierarchicalClusteringP2P,Clustering,0.25,adaptive_precision,0.5339535247361334,0.7181119377516892,0.8602508511626015,0.04406309829733238,0.0,1.0,0.994499519114426,0.980952380952381,1.0
ArXivHierarchicalClusteringP2P,Clustering,0.25,fixed_precision,0.5325862584620349,0.7196563643395942,0.8581905154812105,0.04406309829733238,0.0,1.0,0.9929971395064563,0.9666666666666667,1.0
ArXivHierarchicalClusteringP2P,Clustering,0.25,no_precision,0.5358461662561042,0.7215720718205191,0.8592805422039447,0.04406309829733238,0.0,1.0,0.9937700436209754,0.9619047619047619,1.0
ArXivHierarchicalClusteringP2P,Clustering,0.25,shuffled_precision,0.5281650079113434,0.7164074799734427,0.8537659730910585,0.046074282489831496,0.0,1.0,0.9933160537599047,0.9595238095238096,0.9805714285714286
ArXivHierarchicalClusteringP2P,Clustering,0.5,adaptive_precision,0.5205568716997289,0.7173278936384527,0.8390693493843485,0.04406309829733238,0.014768014999523876,0.8857142857142858,0.9951469089916295,0.9047619047619048,1.0
ArXivHierarchicalClusteringP2P,Clustering,0.5,fixed_precision,0.5157618530537785,0.7143068194745213,0.834438203517454,0.04406309829733238,0.014768014999523876,0.8857142857142858,0.9947366360347727,0.9619047619047619,1.0
ArXivHierarchicalClusteringP2P,Clustering,0.5,no_precision,0.5242706734259529,0.7186992014196983,0.8420108255155192,0.04406309829733238,0.011076011249642909,0.9142857142857144,0.9927248962217907,0.9238095238095239,1.0
ArXivHierarchicalClusteringP2P,Clustering,0.5,shuffled_precision,0.5229912462692587,0.7152357689515453,0.840070180836093,0.05184474973328227,0.012715987143662292,0.9091428571428571,0.9933080098783205,0.9563809523809523,0.9731428571428572
ArXivHierarchicalClusteringP2P,Clustering,0.75,adaptive_precision,0.5059188016951992,0.7105265293712498,0.8314178823384181,0.04406309829733238,0.018460018749404845,0.8571428571428571,0.9993312401883829,1.0,1.0
ArXivHierarchicalClusteringP2P,Clustering,0.75,fixed_precision,0.5017696465025658,0.7081152884382699,0.8262240201234772,0.04406309829733238,0.018460018749404845,0.8571428571428571,0.997897779239394,1.0,1.0
ArXivHierarchicalClusteringP2P,Clustering,0.75,no_precision,0.5093789440373292,0.7115284549818711,0.829798685597474,0.04406309829733238,0.018460018749404845,0.8571428571428571,0.9980053486885785,1.0,1.0
ArXivHierarchicalClusteringP2P,Clustering,0.75,shuffled_precision,0.5096572128492626,0.7093885559575,0.8360477663676477,0.04929709043409575,0.01210977229960958,0.9062857142857144,0.9975273711381786,0.976095238095238,0.9834285714285714
ArXivHierarchicalClusteringP2P,Clustering,1.0,adaptive_precision,0.4968435911914173,0.7073707865633331,0.8238963143072856,0.04406309829733238,0.018460018749404845,0.8571428571428571,1.0,1.0,1.0
ArXivHierarchicalClusteringP2P,Clustering,1.0,fixed_precision,0.4968435911914173,0.7073707865633331,0.8238963143072856,0.04406309829733238,0.018460018749404845,0.8571428571428571,1.0,1.0,1.0
ArXivHierarchicalClusteringP2P,Clustering,1.0,no_precision,0.5048355991834254,0.7095352887278353,0.829798685597474,0.04406309829733238,0.018460018749404845,0.8571428571428571,1.0,1.0,1.0
ArXivHierarchicalClusteringP2P,Clustering,1.0,shuffled_precision,0.49684359119141736,0.7073707865633333,0.8238963143072856,0.04406309829733238,0.018460018749404842,0.8571428571428571,1.0,1.0,1.0
ArXivHierarchicalClusteringS2S,Clustering,0.25,adaptive_precision,0.675899851701094,0.767114752742082,0.9313130697319539,0.06716501435768217,0.0,1.0,0.9885707522291373,0.8428571428571429,1.0
ArXivHierarchicalClusteringS2S,Clustering,0.25,fixed_precision,0.6723642196313004,0.7694573004635117,0.9288969067802463,0.06716501435768217,0.0,1.0,0.9876762243967213,0.9027210884353742,1.0
ArXivHierarchicalClusteringS2S,Clustering,0.25,no_precision,0.6747216013799865,0.7701924783291243,0.9301308473979661,0.06716501435768217,0.0,1.0,0.9881755945917438,0.9027210884353742,1.0
ArXivHierarchicalClusteringS2S,Clustering,0.25,shuffled_precision,0.6640887941871794,0.7655402420353974,0.9263612601435708,0.06465158736857164,0.0,1.0,0.9893057866357245,0.935469387755102,0.9902857142857143
ArXivHierarchicalClusteringS2S,Clustering,0.5,adaptive_precision,0.67025140077314,0.7693528541851523,0.9259750727830004,0.061884705557029816,0.0,1.0,0.9957980218539225,0.9714285714285714,1.0
ArXivHierarchicalClusteringS2S,Clustering,0.5,fixed_precision,0.6716025092919503,0.7694090588500526,0.9277301829800307,0.061884705557029816,0.0,1.0,0.9938863000353683,0.9476190476190476,1.0
ArXivHierarchicalClusteringS2S,Clustering,0.5,no_precision,0.6701548141299695,0.7676517726579838,0.9282472301826734,0.061884705557029816,0.0,1.0,0.9949932055522118,0.9476190476190476,1.0
ArXivHierarchicalClusteringS2S,Clustering,0.5,shuffled_precision,0.6669511795037261,0.7669455478682808,0.9272962624082763,0.06525296643668711,0.0,1.0,0.9958845344717394,0.9733333333333334,0.9788571428571429
ArXivHierarchicalClusteringS2S,Clustering,0.75,adaptive_precision,0.6811711394195867,0.7803155023030799,0.9267176477026303,0.061884705557029816,0.0,1.0,0.9990235478806907,1.0,1.0
ArXivHierarchicalClusteringS2S,Clustering,0.75,fixed_precision,0.6695784960381234,0.7702463375134183,0.9262712133810403,0.061884705557029816,0.0,1.0,0.9968011739812982,0.9333333333333333,1.0
ArXivHierarchicalClusteringS2S,Clustering,0.75,no_precision,0.6679124353906962,0.7686521056583169,0.9258057069949021,0.061884705557029816,0.0,1.0,0.9969841090586432,0.9428571428571428,1.0
ArXivHierarchicalClusteringS2S,Clustering,0.75,shuffled_precision,0.6720445554445555,0.7706118243661101,0.924312735152189,0.0558463959592917,0.0,1.0,0.9963663435942939,0.9762857142857142,0.9822857142857143
ArXivHierarchicalClusteringS2S,Clustering,1.0,adaptive_precision,0.6688377461048269,0.7673922350940984,0.9267930236856202,0.061884705557029816,0.0,1.0,1.0,1.0,1.0
ArXivHierarchicalClusteringS2S,Clustering,1.0,fixed_precision,0.6688377461048269,0.7673922350940984,0.9267930236856202,0.061884705557029816,0.0,1.0,1.0,1.0,1.0
ArXivHierarchicalClusteringS2S,Clustering,1.0,no_precision,0.6674330638305793,0.7663984462742226,0.9267930236856202,0.061884705557029816,0.0,1.0,1.0,1.0,1.0
ArXivHierarchicalClusteringS2S,Clustering,1.0,shuffled_precision,0.6688377461048269,0.7673922350940984,0.9267930236856202,0.0618847055570298,0.0,1.0,1.0,1.0,1.0
Banking77Classification.v2,Classification,0.25,adaptive_precision,0.35473990589782634,0.6222030493390805,0.8726696691311836,0.09545959750160259,0.022184873949579874,0.9142857142857144,0.9937138823909011,0.9523809523809524,0.9428571428571428
Banking77Classification.v2,Classification,0.25,fixed_precision,0.34252684027077657,0.6188480013316678,0.8621901163872016,0.10309750414941023,0.036974789915966456,0.8571428571428571,0.99364120351698,0.9619047619047619,1.0
Banking77Classification.v2,Classification,0.25,no_precision,0.35075881448448815,0.6223002714733578,0.8660317437619093,0.10309750414941023,0.036974789915966456,0.8571428571428571,0.9934208586444612,0.9476190476190476,1.0
Banking77Classification.v2,Classification,0.25,shuffled_precision,0.3425702017432974,0.619127563544726,0.864969878768647,0.09544761647156681,0.03564369747899166,0.8622857142857142,0.9938247104448347,0.9528979591836736,0.9845714285714285
Banking77Classification.v2,Classification,0.5,adaptive_precision,0.33168573715539107,0.6113027532335187,0.8581071391216123,0.10309750414941023,0.036974789915966456,0.8571428571428571,0.9986034834730487,0.9714285714285714,1.0
Banking77Classification.v2,Classification,0.5,fixed_precision,0.33946917398900894,0.6166529194096234,0.8572963005843971,0.10309750414941023,0.036974789915966456,0.8571428571428571,0.9944538753172294,0.9714285714285714,1.0
Banking77Classification.v2,Classification,0.5,no_precision,0.3421308956007702,0.6178176431955077,0.8583305871232693,0.10309750414941023,0.036974789915966456,0.8571428571428571,0.9955345337891923,0.9714285714285714,1.0
Banking77Classification.v2,Classification,0.5,shuffled_precision,0.3317157189783204,0.6134515684079604,0.8568656908524265,0.1067360571354963,0.03342521008403367,0.8708571428571429,0.996411050936641,0.9637959183673469,0.9842857142857142
Banking77Classification.v2,Classification,0.75,adaptive_precision,0.34768467659591223,0.6225337334269563,0.8530541736015659,0.13671094952756152,0.036974789915966456,0.8571428571428571,0.9980689372739062,0.9714285714285714,1.0
Banking77Classification.v2,Classification,0.75,fixed_precision,0.3410642655002804,0.6175679497717528,0.8585649403897472,0.10309750414941023,0.036974789915966456,0.8571428571428571,0.9959833458466999,0.9714285714285714,1.0
Banking77Classification.v2,Classification,0.75,no_precision,0.34271618905388285,0.6184671479815311,0.8596538379448833,0.10309750414941023,0.036974789915966456,0.8571428571428571,0.9962784110299638,0.980952380952381,1.0
Banking77Classification.v2,Classification,0.75,shuffled_precision,0.3316193714939664,0.6123452523377634,0.8610786065125623,0.10840876132554803,0.032685714285714346,0.8737142857142857,0.9980908716128593,0.9847619047619048,0.992
Banking77Classification.v2,Classification,1.0,adaptive_precision,0.3470034721119445,0.620807239768722,0.8614213202258068,0.10309750414941023,0.036974789915966456,0.8571428571428571,1.0,1.0,1.0
Banking77Classification.v2,Classification,1.0,fixed_precision,0.3470034721119445,0.620807239768722,0.8614213202258068,0.10309750414941023,0.036974789915966456,0.8571428571428571,1.0,1.0,1.0
Banking77Classification.v2,Classification,1.0,no_precision,0.348506787600937,0.6218142873286706,0.8614213202258068,0.10309750414941023,0.036974789915966456,0.8571428571428571,1.0,1.0,1.0
Banking77Classification.v2,Classification,1.0,shuffled_precision,0.3470034721119445,0.620807239768722,0.8614213202258066,0.10309750414941024,0.036974789915966456,0.8571428571428571,1.0,1.0,1.0
BiorxivClusteringP2P.v2,Clustering,0.25,adaptive_precision,0.31946616116802456,0.6164508576309818,0.8018811263448027,0.09496643190382074,0.0,1.0,0.994761418705518,0.9333333333333333,1.0
BiorxivClusteringP2P.v2,Clustering,0.25,fixed_precision,0.27868125663156723,0.5970843400905512,0.7942227585355104,0.09496643190382074,0.0,1.0,0.9923485396590986,0.9047619047619048,1.0
BiorxivClusteringP2P.v2,Clustering,0.25,no_precision,0.28626110535427307,0.5993813763875876,0.8026964681371299,0.09496643190382074,0.0,1.0,0.9937484254875558,0.9333333333333333,1.0
BiorxivClusteringP2P.v2,Clustering,0.25,shuffled_precision,0.29098609440249196,0.6021636444714706,0.7931331271176515,0.0996209178384971,0.0,1.0,0.9955819103877489,0.9546666666666667,0.9822857142857142
BiorxivClusteringP2P.v2,Clustering,0.5,adaptive_precision,0.3138717679835693,0.6142068697348201,0.7995628856987064,0.1037610379818185,0.0,1.0,0.9957902408150856,0.9571428571428572,0.9142857142857144
BiorxivClusteringP2P.v2,Clustering,0.5,fixed_precision,0.2693481921804904,0.5935579534337299,0.7890868666285352,0.09496643190382074,0.0,1.0,0.9950454080081409,0.9619047619047619,1.0
BiorxivClusteringP2P.v2,Clustering,0.5,no_precision,0.27141349333895926,0.5942973010426427,0.7906744960358593,0.09496643190382074,0.0,1.0,0.9950739695087522,0.9523809523809524,1.0
BiorxivClusteringP2P.v2,Clustering,0.5,shuffled_precision,0.2807744784408138,0.5996985567641469,0.7860026318717434,0.09733957478809739,0.0,1.0,0.9964703613157029,0.9613333333333333,0.9925714285714287
BiorxivClusteringP2P.v2,Clustering,0.75,adaptive_precision,0.2950204081632654,0.6120453500950395,0.7823885983873933,0.09496643190382074,0.0,1.0,0.9975556865494754,1.0,1.0
BiorxivClusteringP2P.v2,Clustering,0.75,fixed_precision,0.2601733049559137,0.5891591059044475,0.7708508966689432,0.10669257334115108,0.0,1.0,0.9959539466744436,0.9619047619047619,0.9428571428571428
BiorxivClusteringP2P.v2,Clustering,0.75,no_precision,0.2597856181085995,0.5890903051399946,0.7728886996777963,0.09789796726315332,0.0,1.0,0.996449749008755,0.9619047619047619,0.9428571428571428
BiorxivClusteringP2P.v2,Clustering,0.75,shuffled_precision,0.2754295739043565,0.5975275548468095,0.774601206440623,0.1301368014819112,0.0,1.0,0.9982738033395177,0.9773333333333333,0.9742857142857143
BiorxivClusteringP2P.v2,Clustering,1.0,adaptive_precision,0.25613771321845863,0.5895855490265428,0.7655549080395618,0.10962410870048367,0.0,1.0,1.0,1.0,1.0
BiorxivClusteringP2P.v2,Clustering,1.0,fixed_precision,0.25613771321845863,0.5895855490265428,0.7655549080395618,0.10962410870048367,0.0,1.0,1.0,1.0,1.0
BiorxivClusteringP2P.v2,Clustering,1.0,no_precision,0.25861945507908246,0.5885917602066671,0.7663444307835767,0.10962410870048367,0.0,1.0,1.0,1.0,1.0
BiorxivClusteringP2P.v2,Clustering,1.0,shuffled_precision,0.2561377132184586,0.5895855490265428,0.7655549080395618,0.10962410870048367,0.0,1.0,1.0,1.0,1.0
EmotionClassification.v2,Classification,0.25,adaptive_precision,0.5687485363313286,0.7288410581424137,0.7624452020832674,0.3308754415722984,0.06892967713401135,0.7714285714285715,0.9836170103188737,0.9476190476190477,0.9142857142857144
EmotionClassification.v2,Classification,0.25,fixed_precision,0.5731065313765107,0.728312362233113,0.7577628231708573,0.3417187262545923,0.07720035382574068,0.7428571428571429,0.9903274241286664,0.9190476190476191,0.9428571428571428
EmotionClassification.v2,Classification,0.25,no_precision,0.5819434990663914,0.7332648379155158,0.7659816292103815,0.34221997938742443,0.0523883237505527,0.8285714285714285,0.9888082476529682,0.9047619047619049,1.0
EmotionClassification.v2,Classification,0.25,shuffled_precision,0.5691709127474676,0.7266702581226043,0.7630679803172619,0.34585052634304875,0.05205572755417946,0.8274285714285714,0.9881543928121568,0.9412244897959183,0.9422857142857143
EmotionClassification.v2,Classification,0.5,adaptive_precision,0.5501137029150132,0.718835150232439,0.7496865702814214,0.34221997938742443,0.08547103051747003,0.7142857142857143,0.9961046903407152,0.980952380952381,1.0
EmotionClassification.v2,Classification,0.5,fixed_precision,0.5615399418205087,0.7230695580382756,0.7503529327456852,0.3402149668560961,0.08547103051747003,0.7142857142857143,0.9950134958209492,0.980952380952381,0.9428571428571428
EmotionClassification.v2,Classification,0.5,no_precision,0.5642077088361017,0.7243524600511044,0.7516296336964794,0.34221997938742443,0.08547103051747003,0.7142857142857143,0.9966362209219353,0.980952380952381,1.0
EmotionClassification.v2,Classification,0.5,shuffled_precision,0.5587523087247717,0.7234275522868849,0.7487831440531663,0.35409651608020004,0.08045289694825286,0.7308571428571428,0.9961677604383194,0.9711428571428572,0.9454285714285715
EmotionClassification.v2,Classification,0.75,adaptive_precision,0.5792444619364397,0.7299858442715585,0.7515589902451154,0.34221997938742443,0.08547103051747003,0.7142857142857143,0.9985319773394308,1.0,1.0
EmotionClassification.v2,Classification,0.75,fixed_precision,0.5560057477219897,0.7207302322943615,0.7492008256238674,0.33971371372326403,0.08547103051747003,0.7142857142857143,0.9984389523519959,1.0,1.0
EmotionClassification.v2,Classification,0.75,no_precision,0.5611001315989823,0.7231166050456979,0.7510748456896045,0.34221997938742443,0.08547103051747003,0.7142857142857143,0.9983136863136863,1.0,1.0
EmotionClassification.v2,Classification,0.75,shuffled_precision,0.5475787852270367,0.716123944981922,0.7430874208170632,0.34973362022576315,0.08180937638213168,0.7262857142857142,0.9981226420784185,0.992,0.9845714285714285
EmotionClassification.v2,Classification,1.0,adaptive_precision,0.5488224939497746,0.7176619695910623,0.7464130734284479,0.33971371372326403,0.08547103051747003,0.7142857142857143,1.0,1.0,1.0
EmotionClassification.v2,Classification,1.0,fixed_precision,0.5488224939497746,0.7176619695910623,0.7464130734284479,0.33971371372326403,0.08547103051747003,0.7142857142857143,1.0,1.0,1.0
EmotionClassification.v2,Classification,1.0,no_precision,0.5588125039397845,0.7219909739200668,0.7506357312512446,0.34221997938742443,0.08547103051747003,0.7142857142857143,1.0,1.0,1.0
EmotionClassification.v2,Classification,1.0,shuffled_precision,0.5488224939497746,0.7176619695910623,0.7464130734284479,0.33971371372326403,0.08547103051747003,0.7142857142857143,1.0,1.0,1.0
HUMEEmotionClassification,Classification,0.25,adaptive_precision,0.1737695980397909,0.5779094756095721,0.6159668454107342,0.4108843537414965,0.12018140589569166,0.5714285714285714,0.9694121592693021,0.9333333333333333,0.9428571428571428
HUMEEmotionClassification,Classification,0.25,fixed_precision,0.18795497010496512,0.5818356084074503,0.6111094376263766,0.4108843537414965,0.12426303854875287,0.5428571428571428,0.9773034170798146,0.9333333333333333,0.9428571428571428
HUMEEmotionClassification,Classification,0.25,no_precision,0.18666944732663168,0.5810208311992303,0.6124517396907929,0.4108843537414965,0.12018140589569166,0.5714285714285714,0.9740167472279274,0.9380952380952381,0.9428571428571428
HUMEEmotionClassification,Classification,0.25,shuffled_precision,0.18599754929572465,0.5821230685311688,0.6209626399288288,0.39813605442176864,0.11724263038548755,0.5582857142857143,0.9770310972257557,0.9222993197278911,0.8897142857142857
HUMEEmotionClassification,Classification,0.5,adaptive_precision,0.19253418834179922,0.590069142258149,0.6162320840584715,0.40770975056689335,0.12018140589569166,0.5714285714285714,0.9889640545789614,1.0,0.9428571428571428
HUMEEmotionClassification,Classification,0.5,fixed_precision,0.2060214266475291,0.5956786532871393,0.6209798935812654,0.42993197278911566,0.12018140589569166,0.5714285714285714,0.9949382480873165,0.9714285714285714,1.0
HUMEEmotionClassification,Classification,0.5,no_precision,0.18493709364759076,0.586284583304834,0.6081678454254958,0.42993197278911566,0.12018140589569166,0.5714285714285714,0.9903272193644865,0.9714285714285714,1.0
HUMEEmotionClassification,Classification,0.5,shuffled_precision,0.1974260027966907,0.5893099691693713,0.6256593634595486,0.3913741496598639,0.11536507936507936,0.5702857142857143,0.9914171138178591,0.9561088435374149,0.9548571428571427
HUMEEmotionClassification,Classification,0.75,adaptive_precision,0.18213723846445737,0.5881170495635298,0.6249551191414346,0.42993197278911566,0.12018140589569166,0.5714285714285714,0.9964703247063496,0.9523809523809524,1.0
HUMEEmotionClassification,Classification,0.75,fixed_precision,0.20493244185082762,0.5968469910032109,0.6199618379241725,0.42993197278911566,0.12018140589569166,0.5714285714285714,0.995837752309802,1.0,1.0
HUMEEmotionClassification,Classification,0.75,no_precision,0.20847547059856453,0.5965950207512406,0.6223215086918016,0.42993197278911566,0.12018140589569166,0.5714285714285714,0.9958303559794244,0.9666666666666667,1.0
HUMEEmotionClassification,Classification,0.75,shuffled_precision,0.20125046436772748,0.5941425868677557,0.6280991919559327,0.3790839002267573,0.12026303854875288,0.5685714285714286,0.9938984249291082,0.9793333333333333,0.9782857142857143
HUMEEmotionClassification,Classification,1.0,adaptive_precision,0.20799940195565023,0.5986923314551087,0.6336837150597182,0.327891156462585,0.12018140589569166,0.5714285714285714,1.0,1.0,1.0
HUMEEmotionClassification,Classification,1.0,fixed_precision,0.20799940195565023,0.5986923314551087,0.6336837150597182,0.327891156462585,0.12018140589569166,0.5714285714285714,1.0,1.0,1.0
HUMEEmotionClassification,Classification,1.0,no_precision,0.2059565093685579,0.5967054294682067,0.6207639101414772,0.42993197278911566,0.12018140589569166,0.5714285714285714,1.0,1.0,1.0
HUMEEmotionClassification,Classification,1.0,shuffled_precision,0.20799940195565023,0.5986923314551087,0.6336837150597182,0.327891156462585,0.12018140589569166,0.5714285714285714,1.0,1.0,1.0
LegalBenchPC,PairClassification,0.25,adaptive_precision,0.49902908271852375,0.6802824380588356,0.8243841645130122,0.16400654538211884,0.015068802658425291,0.8571428571428571,0.986544722358387,0.9108843537414966,0.8857142857142858
LegalBenchPC,PairClassification,0.25,fixed_precision,0.5034842548755593,0.683044454510293,0.8088384980846376,0.16400654538211884,0.014077141163738956,0.8571428571428571,0.98932195754556,0.9360544217687075,0.8857142857142858
LegalBenchPC,PairClassification,0.25,no_precision,0.5072973610240692,0.6838512129692254,0.8227049197950663,0.16400654538211884,0.015068802658425291,0.8571428571428571,0.9874244513250725,0.9170068027210884,0.8857142857142858
LegalBenchPC,PairClassification,0.25,shuffled_precision,0.49864263785903545,0.6789971664774149,0.8095940044854527,0.16160469806685354,0.016169455863624053,0.86,0.9878022958408053,0.9158639455782314,0.8957142857142857
LegalBenchPC,PairClassification,0.5,adaptive_precision,0.5058360645565615,0.6805765497442516,0.8207552130348557,0.18275892787371953,0.019946622078664076,0.8571428571428571,0.9931720329360081,0.9142857142857144,0.9428571428571428
LegalBenchPC,PairClassification,0.5,fixed_precision,0.507550424730549,0.6851498108516741,0.803195058480501,0.18035444064927,0.014077141163738956,0.8571428571428571,0.9950721452460584,0.9523809523809523,0.9428571428571428
LegalBenchPC,PairClassification,0.5,no_precision,0.508939644206725,0.6865768765396094,0.8096008411572088,0.1795155419706933,0.014077141163738956,0.8571428571428571,0.9962536593840942,0.9142857142857144,1.0
LegalBenchPC,PairClassification,0.5,shuffled_precision,0.49430927705834543,0.678473134732762,0.8022596579469382,0.1844913614441919,0.01677710238460451,0.8571428571428571,0.9948064977258767,0.970952380952381,0.9259999999999999
LegalBenchPC,PairClassification,0.75,adaptive_precision,0.4016453732602801,0.6383561862568073,0.7586527442982341,0.18192002919514283,0.04639953022242355,0.8571428571428571,0.9937722650020788,0.9714285714285714,1.0
LegalBenchPC,PairClassification,0.75,fixed_precision,0.48777647197522983,0.676535737554371,0.7891505084070565,0.18203223800642337,0.014077141163738956,0.8571428571428571,0.9916192627248528,0.9619047619047619,0.9142857142857144
LegalBenchPC,PairClassification,0.75,no_precision,0.49421160206253384,0.6792426827830554,0.7991866005958086,0.1795155419706933,0.015068802658425291,0.8571428571428571,0.9932395554755803,0.9333333333333333,1.0
LegalBenchPC,PairClassification,0.75,shuffled_precision,0.47262754611847785,0.6696087771441809,0.7868182456315401,0.17569968746578388,0.02608053057826985,0.8571428571428571,0.995524845216895,0.9769523809523809,0.954
LegalBenchPC,PairClassification,1.0,adaptive_precision,0.4867937031912188,0.6748249473094193,0.7862393894959717,0.18371003536357675,0.014077141163738956,0.8571428571428571,1.0,1.0,1.0
LegalBenchPC,PairClassification,1.0,fixed_precision,0.4867937031912188,0.6748249473094193,0.7862393894959717,0.18371003536357675,0.014077141163738956,0.8571428571428571,1.0,1.0,1.0
LegalBenchPC,PairClassification,1.0,no_precision,0.5004999968975125,0.6823536504902964,0.8064381557986575,0.1795155419706933,0.014077141163738956,0.8571428571428571,1.0,1.0,1.0
LegalBenchPC,PairClassification,1.0,shuffled_precision,0.48679370319121873,0.6748249473094194,0.7862393894959717,0.18371003536357675,0.014077141163738954,0.8571428571428571,1.0,1.0,1.0
SICK-R,STS,0.25,adaptive_precision,0.7080410272956856,0.7875012606441177,0.931332035235408,0.04592409166454474,0.01529337584166236,0.8571428571428571,0.9943474351735221,0.9190476190476191,1.0
SICK-R,STS,0.25,fixed_precision,0.7020895129715006,0.783611816754674,0.9303956424986637,0.04592409166454474,0.01529337584166236,0.8571428571428571,0.9971120308263165,0.9809523809523809,1.0
SICK-R,STS,0.25,no_precision,0.7010759302808992,0.7826804582580981,0.9303956424986637,0.04592409166454474,0.01529337584166236,0.8571428571428571,0.9971424041796713,0.9809523809523809,1.0
SICK-R,STS,0.25,shuffled_precision,0.7011391291937876,0.7833766768221427,0.9268542079348221,0.04592679023387732,0.01517102883492906,0.8582857142857143,0.9970583066622819,0.9657006802721089,0.9988571428571429
SICK-R,STS,0.5,adaptive_precision,0.7194387475878159,0.7942819168409231,0.9365476208882824,0.04592409166454474,0.01529337584166236,0.8571428571428571,0.9971353739428273,1.0,1.0
SICK-R,STS,0.5,fixed_precision,0.7057232829282519,0.7851466587242985,0.9291696989395832,0.04592409166454474,0.01529337584166236,0.8571428571428571,0.996487487667612,0.9714285714285714,1.0
SICK-R,STS,0.5,no_precision,0.70610863670491,0.785794880068172,0.930030310833842,0.04592409166454474,0.01529337584166236,0.8571428571428571,0.9980113551045228,0.9714285714285714,1.0
SICK-R,STS,0.5,shuffled_precision,0.697486829692047,0.7816115393509183,0.9270204900293574,0.04787562247446153,0.01394755876759607,0.8697142857142858,0.9964051614224285,0.9714285714285714,0.9982857142857142
SICK-R,STS,0.75,adaptive_precision,0.7001596416006353,0.790443912195465,0.9339926904428173,0.04592409166454474,0.01529337584166236,0.8571428571428571,0.9972284609800138,0.9333333333333333,1.0
SICK-R,STS,0.75,fixed_precision,0.705861976532784,0.7849016573488623,0.9302584929368988,0.04592409166454474,0.01529337584166236,0.8571428571428571,0.9986087577019254,0.9619047619047619,1.0
SICK-R,STS,0.75,no_precision,0.7059354682584497,0.784572276584699,0.9304179479727654,0.04592409166454474,0.01529337584166236,0.8571428571428571,0.9989462463002836,0.9619047619047619,1.0
SICK-R,STS,0.75,shuffled_precision,0.6992994386979481,0.7838342140675059,0.9250221747483108,0.04592409166454474,0.01529337584166236,0.8571428571428571,0.9981792781131912,0.9804761904761905,1.0
SICK-R,STS,1.0,adaptive_precision,0.7039374290305968,0.7836529929697632,0.929695927860827,0.04592409166454474,0.01529337584166236,0.8571428571428571,1.0,1.0,1.0
SICK-R,STS,1.0,fixed_precision,0.7039374290305968,0.7836529929697632,0.929695927860827,0.04592409166454474,0.01529337584166236,0.8571428571428571,1.0,1.0,1.0
SICK-R,STS,1.0,no_precision,0.7055523358628949,0.7841705913134485,0.929695927860827,0.04592409166454474,0.01529337584166236,0.8571428571428571,1.0,1.0,1.0
SICK-R,STS,1.0,shuffled_precision,0.7039374290305968,0.7836529929697631,0.9296959278608269,0.04592409166454474,0.01529337584166236,0.8571428571428571,1.0,1.0,1.0
STS15,STS,0.25,adaptive_precision,0.3591283995507598,0.6297725338843351,0.832060574693273,0.16880541371360397,0.011232571101807797,0.8571428571428571,0.9937334901123721,0.9333333333333333,1.0
STS15,STS,0.25,fixed_precision,0.32182196685302283,0.6144993308968464,0.8118215838373379,0.15610916657118684,0.011232571101807797,0.8571428571428571,0.9891370492861177,0.9047619047619048,0.8571428571428571
STS15,STS,0.25,no_precision,0.33472296647451927,0.6201840436995717,0.8302862933458665,0.1250295890781078,0.011232571101807797,0.8571428571428571,0.9899973442706363,0.9142857142857144,0.8285714285714285
STS15,STS,0.25,shuffled_precision,0.3282145193936498,0.6184212297019751,0.8180181707887791,0.1546082361698264,0.01129975518513329,0.8571428571428571,0.9930646248161776,0.9518095238095238,0.9308571428571428
STS15,STS,0.5,adaptive_precision,0.3094594722048138,0.6136212772734512,0.775452756211012,0.3055487561058506,0.011232571101807797,0.8571428571428571,0.9927668480587736,0.9523809523809524,1.0
STS15,STS,0.5,fixed_precision,0.2993265616371206,0.6081917337321064,0.7697850811535903,0.2827959202150667,0.011232571101807797,0.8571428571428571,0.9957730220090468,0.9714285714285714,0.9428571428571428
STS15,STS,0.5,no_precision,0.31839657237172764,0.6139560853225449,0.8003880643695241,0.19178457665193144,0.011232571101807797,0.8571428571428571,0.9964284038942424,0.9714285714285714,1.0
STS15,STS,0.5,shuffled_precision,0.29525333871097853,0.6075629762370135,0.7717016095651941,0.25291108758320563,0.012088117211338612,0.8571428571428571,0.9940492147603949,0.9663401360544217,0.9388571428571428
STS15,STS,0.75,adaptive_precision,0.2682323266795317,0.5957215331252598,0.7399225363314115,0.29635709093051954,0.011232571101807797,0.8571428571428571,0.9967277939451852,0.9523809523809524,0.9142857142857144
STS15,STS,0.75,fixed_precision,0.29445466334907333,0.605488408072259,0.7613339671473689,0.3055487561058506,0.011232571101807797,0.8571428571428571,0.9979362376753681,0.980952380952381,1.0
STS15,STS,0.75,no_precision,0.3074033916394165,0.6096412407468309,0.7792439762480743,0.2827959202150667,0.011232571101807797,0.8571428571428571,0.9978980522583007,0.980952380952381,0.9428571428571428
STS15,STS,0.75,shuffled_precision,0.3022272666463971,0.6088893039052046,0.7767204083522373,0.24898128225842822,0.01183722785173722,0.8571428571428571,0.9969403184393247,0.9701904761904762,0.9611428571428571
STS15,STS,1.0,adaptive_precision,0.28306631256941817,0.6024953721227012,0.7534734882923393,0.3055487561058506,0.011232571101807797,0.8571428571428571,1.0,1.0,1.0
STS15,STS,1.0,fixed_precision,0.28306631256941817,0.6024953721227012,0.7534734882923393,0.3055487561058506,0.011232571101807797,0.8571428571428571,1.0,1.0,1.0
STS15,STS,1.0,no_precision,0.3068021419574215,0.6095892926948828,0.7738684129675051,0.3055487561058506,0.011232571101807797,0.8571428571428571,1.0,1.0,1.0
STS15,STS,1.0,shuffled_precision,0.2830663125694182,0.6024953721227012,0.7534734882923394,0.3055487561058506,0.011232571101807799,0.8571428571428571,1.0,1.0,1.0
STS16,STS,0.25,adaptive_precision,0.6509200116653533,0.7676432552954292,0.8488652941537141,0.14550986192507562,0.01675198450204308,0.8571428571428571,0.9881734290554166,0.8904761904761905,0.9142857142857144
STS16,STS,0.25,fixed_precision,0.6304446733390833,0.7603149314453662,0.8443088472590974,0.15374717748772904,0.01675198450204308,0.8571428571428571,0.9917331302238134,0.9809523809523809,0.8857142857142858
STS16,STS,0.25,no_precision,0.636985263184021,0.7629123340427688,0.8476804413933443,0.15374717748772904,0.01675198450204308,0.8571428571428571,0.9913832192652069,0.9809523809523809,0.8857142857142858
STS16,STS,0.25,shuffled_precision,0.6318302614156031,0.7603051800373538,0.8388122810918822,0.16595091168081094,0.016751984502043085,0.8571428571428571,0.988887389753104,0.9280680272108844,0.916
STS16,STS,0.5,adaptive_precision,0.6082263202635874,0.7489989058560488,0.8121177777897708,0.2451236303242996,0.01675198450204308,0.8571428571428571,0.9963208840848593,0.9333333333333333,0.9142857142857144
STS16,STS,0.5,fixed_precision,0.5917845756727745,0.7429568319878879,0.8055215167884454,0.21591003503132117,0.01675198450204308,0.8571428571428571,0.9965416074608621,0.9714285714285714,1.0
STS16,STS,0.5,no_precision,0.6101267552323454,0.7488657346793993,0.8273845443526154,0.21591003503132117,0.01675198450204308,0.8571428571428571,0.9976376418612443,1.0,1.0
STS16,STS,0.5,shuffled_precision,0.5937777787429962,0.7448251672964716,0.804539004818256,0.22661786059559022,0.016751984502043085,0.8571428571428571,0.9956258366478242,0.9685986394557824,0.9474285714285714
STS16,STS,0.75,adaptive_precision,0.5985300910269854,0.7473128527786913,0.8007804691553752,0.2645993605196186,0.01675198450204308,0.8571428571428571,0.99738313860053,0.9333333333333333,1.0
STS16,STS,0.75,fixed_precision,0.5819389678644338,0.7416522814659461,0.7935245244089824,0.22564790012898064,0.01675198450204308,0.8571428571428571,0.9977961169265518,1.0,0.9428571428571428
STS16,STS,0.75,no_precision,0.6000287042150397,0.7478036083998817,0.8159892909480604,0.22564790012898064,0.01675198450204308,0.8571428571428571,0.9981115406332798,1.0,0.9428571428571428
STS16,STS,0.75,shuffled_precision,0.5856468564975398,0.7420892210894695,0.7984125789196782,0.2541812322706086,0.016751984502043085,0.8571428571428571,0.997705205725951,0.9801904761904762,0.9868571428571429
STS16,STS,1.0,adaptive_precision,0.5822673599692233,0.7416522814659461,0.7953189077727718,0.21591003503132117,0.01675198450204308,0.8571428571428571,1.0,1.0,1.0
STS16,STS,1.0,fixed_precision,0.5822673599692233,0.7416522814659461,0.7953189077727718,0.21591003503132117,0.01675198450204308,0.8571428571428571,1.0,1.0,1.0
STS16,STS,1.0,no_precision,0.596041412004145,0.7465402920061306,0.8145538627831508,0.21591003503132117,0.01675198450204308,0.8571428571428571,1.0,1.0,1.0
STS16,STS,1.0,shuffled_precision,0.5822673599692233,0.7416522814659461,0.7953189077727718,0.21591003503132114,0.016751984502043085,0.8571428571428571,1.0,1.0,1.0
STSBenchmark,STS,0.25,adaptive_precision,0.5594582436197343,0.7311086387732351,0.849825840747474,0.16877509042509375,0.023374381934234238,0.8571428571428571,0.9948487661406916,1.0,0.9428571428571428
STSBenchmark,STS,0.25,fixed_precision,0.5312050185839007,0.7163501550209624,0.8095892862316768,0.18279056910655184,0.023374381934234238,0.8571428571428571,0.9888366292093,0.8761904761904763,0.8571428571428571
STSBenchmark,STS,0.25,no_precision,0.5478821178821179,0.7240152642388668,0.8274301008764585,0.17811874287939913,0.023374381934234238,0.8571428571428571,0.9875910549078252,0.8761904761904763,0.8571428571428571
STSBenchmark,STS,0.25,shuffled_precision,0.5369861006074671,0.7188476988849659,0.8129962779885685,0.18781876746625023,0.02393074158294526,0.8571428571428571,0.9876365996736184,0.9219999999999999,0.9271428571428572
STSBenchmark,STS,0.5,adaptive_precision,0.553575232221195,0.7280945638212719,0.8200637432429635,0.1717359701192167,0.023374381934234238,0.8571428571428571,0.995862100632287,0.9428571428571428,1.0
STSBenchmark,STS,0.5,fixed_precision,0.5098542575436986,0.7077487440096135,0.7648076862806147,0.3207023530005605,0.023374381934234238,0.8571428571428571,0.9908570187576399,0.8761904761904763,0.9142857142857144
STSBenchmark,STS,0.5,no_precision,0.5211120184163663,0.7131530705319525,0.7951775110795907,0.20968854727214167,0.023374381934234238,0.8571428571428571,0.9940451846290356,0.8952380952380953,0.8857142857142858
STSBenchmark,STS,0.5,shuffled_precision,0.5148614781491802,0.7098648916301089,0.7776642509512601,0.26512575164690383,0.024116194799182263,0.8571428571428571,0.9948134176382624,0.9644761904761905,0.8891428571428571
STSBenchmark,STS,0.75,adaptive_precision,0.4990338109095873,0.7081454404808442,0.7594743109538372,0.3263902044612727,0.023374381934234238,0.8571428571428571,0.9982918199812609,0.9714285714285714,0.9142857142857144
STSBenchmark,STS,0.75,fixed_precision,0.4948046239474811,0.7005665886908122,0.7541387311032229,0.3614988558838416,0.023374381934234238,0.8571428571428571,0.9957207140685401,0.9523809523809524,1.0
STSBenchmark,STS,0.75,no_precision,0.5132210646496361,0.7093570570216532,0.7772812787061227,0.30599195301963217,0.023374381934234238,0.8571428571428571,0.9929602819540708,0.9619047619047619,0.8571428571428571
STSBenchmark,STS,0.75,shuffled_precision,0.5011364223354285,0.7026674700041159,0.7615615578206055,0.29335112517074763,0.028567071988870422,0.8571428571428571,0.9964616539981758,0.9819319727891156,0.9642857142857143
STSBenchmark,STS,1.0,adaptive_precision,0.49285435061832583,0.6976275070685009,0.7504643253292459,0.3614988558838416,0.023374381934234238,0.8571428571428571,1.0,1.0,1.0
STSBenchmark,STS,1.0,fixed_precision,0.49285435061832583,0.6976275070685009,0.7504643253292459,0.3614988558838416,0.023374381934234238,0.8571428571428571,1.0,1.0,1.0
STSBenchmark,STS,1.0,no_precision,0.5015758154888591,0.7021411094081902,0.7582654648409,0.3614988558838416,0.023374381934234238,0.8571428571428571,1.0,1.0,1.0
STSBenchmark,STS,1.0,shuffled_precision,0.49285435061832583,0.6976275070685007,0.7504643253292459,0.3614988558838416,0.02337438193423424,0.8571428571428571,1.0,1.0,1.0
