K,family,mean_spearman,seed_variance,n_seeds,n_tasks
1,Classification,0.2295479196362534,0.013445596658091611,4,3
1,Clustering,0.4092826531646408,0.0002360679101820338,4,3
1,Pair classification,0.29516719305539185,0.0,4,1
1,Semantic textual similarity,0.4018425828829556,0.0,4,4
2,Classification,0.2701188311336278,0.014823362454832956,4,3
2,Clustering,0.4499220758537529,0.0001834069055026052,4,3
2,Pair classification,0.33919881360875154,0.0,4,1
2,Semantic textual similarity,0.40439689192794787,0.0,4,4
3,Classification,0.27410651414696824,0.01595506591522784,4,3
3,Clustering,0.45235404347205593,0.00010714101412108327,4,3
3,Pair classification,0.401894192763758,0.0,4,1
3,Semantic textual similarity,0.4152968615235696,0.0,4,4
4,Classification,0.2857998490042547,0.016376797206817714,4,3
4,Clustering,0.4491065042617838,8.208521847360963e-05,4,3
4,Pair classification,0.4575876297615428,0.0,4,1
4,Semantic textual similarity,0.4320631542370673,0.0,4,4
5,Classification,0.28474248254943146,0.016211777270576006,4,3
5,Clustering,0.454548200246958,0.00014571652932888855,4,3
5,Pair classification,0.4622210088048598,0.0,4,1
5,Semantic textual similarity,0.44436735624623824,0.0,4,4
6,Classification,0.29861113463744887,0.016631995055972248,4,3
6,Clustering,0.45586527861372583,0.0001142386510505903,4,3
6,Pair classification,0.4748254850739323,0.0,4,1
6,Semantic textual similarity,0.4551820849957496,0.0,4,4
7,Classification,0.3013907302017971,0.016405339206626943,4,3
7,Clustering,0.4569109358550353,9.331700486124589e-05,4,3
7,Pair classification,0.49067193675889337,0.0,4,1
7,Semantic textual similarity,0.4602953878419717,0.0,4,4
8,Classification,0.30908380222377496,0.01641965141923136,4,3
8,Clustering,0.4580192323204746,8.623688273558742e-05,4,3
8,Pair classification,0.4928233257425805,0.0,4,1
8,Semantic textual similarity,0.462592361055094,0.0,4,4
9,Classification,0.3121513857620203,0.016081090046004002,4,3
9,Clustering,0.46023980160626127,9.050564516452013e-05,4,3
9,Pair classification,0.49216398508323983,0.0,4,1
9,Semantic textual similarity,0.47942614838577574,0.0,4,4
10,Classification,0.31522146200261986,0.01617692969299812,4,3
10,Clustering,0.4626411735262667,8.977816877550229e-05,4,3
10,Pair classification,0.49216398508323983,0.0,4,1
10,Semantic textual similarity,0.482625992020402,0.0,4,4
11,Classification,0.3155923869841527,0.01613333205686483,4,3
11,Clustering,0.4642237576088508,8.542946786327182e-05,4,3
11,Pair classification,0.49216398508323983,0.0,4,1
11,Semantic textual similarity,0.48747918230837484,0.0,4,4
12,Classification,0.31496120207802303,0.01660358696174216,4,3
12,Clustering,0.46443250331449093,7.53142638076882e-05,4,3
12,Pair classification,0.4977592593741663,0.0,4,1
12,Semantic textual similarity,0.4907093217341665,0.0,4,4
13,Classification,0.31677120387512553,0.01683638077527472,4,3
13,Clustering,0.4645455786449576,7.742374164133402e-05,4,3
13,Pair classification,0.5047522663671733,0.0,4,1
13,Semantic textual similarity,0.5078995073249732,0.0,4,4
14,Classification,0.31763427714999326,0.01687389727662716,4,3
14,Clustering,0.4640614251173258,8.274750071569016e-05,4,3
14,Pair classification,0.5047522663671733,0.0,4,1
14,Semantic textual similarity,0.5115712082948107,0.0,4,4
15,Classification,0.3177064478009836,0.01681775170217548,4,3
15,Clustering,0.46346618702208764,8.060774098429887e-05,4,3
15,Pair classification,0.5077336328268006,0.0,4,1
15,Semantic textual similarity,0.5153987782403932,0.0,4,4
16,Classification,0.3177243090682305,0.016787977877229385,4,3
16,Clustering,0.4675216553632703,7.812288095680358e-05,4,3
16,Pair classification,0.5087326338258016,0.0,4,1
16,Semantic textual similarity,0.5198403770142901,0.0,4,4
17,Classification,0.31808966033137276,0.016854978609436935,4,3
17,Clustering,0.4701673430089579,7.526409666826933e-05,4,3
17,Pair classification,0.5093433274799735,0.0,4,1
17,Semantic textual similarity,0.5203993832254702,0.0,4,4
18,Classification,0.3176244587508154,0.016479507567862057,4,3
18,Clustering,0.47016734300895796,8.250739440988886e-05,4,3
18,Pair classification,0.5093433274799735,0.0,4,1
18,Semantic textual similarity,0.520410133344916,0.0,4,4
19,Classification,0.31874869040548764,0.016960625494596752,4,3
19,Clustering,0.4721861575277725,8.567811520475557e-05,4,3
19,Pair classification,0.5093433274799735,0.0,4,1
19,Semantic textual similarity,0.5214039221647918,0.0,4,4
20,Classification,0.3189972037153773,0.016578034817613052,4,3
20,Clustering,0.4720762674178824,8.485555571725834e-05,4,3
20,Pair classification,0.5093433274799735,0.0,4,1
20,Semantic textual similarity,0.5216105633496939,0.0,4,4
21,Classification,0.3187408741917809,0.016539671997928596,4,3
21,Clustering,0.4720762674178824,8.485555571725834e-05,4,3
21,Pair classification,0.5093433274799735,0.0,4,1
21,Semantic textual similarity,0.5263935133189792,0.0,4,4
22,Classification,0.3219223871305462,0.016708889614946775,4,3
22,Clustering,0.4721383792191246,8.384899541128842e-05,4,3
22,Pair classification,0.5093433274799735,0.0,4,1
22,Semantic textual similarity,0.5265092050806337,0.0,4,4
23,Classification,0.3222519450892235,0.016641810532658233,4,3
23,Clustering,0.48049521906664766,8.935137478362374e-05,4,3
23,Pair classification,0.5093433274799735,0.0,4,1
23,Semantic textual similarity,0.5307549593263879,0.0,4,4
24,Classification,0.3188734538397828,0.01614022074869509,4,3
24,Clustering,0.4844381808667524,9.460575928795053e-05,4,3
24,Pair classification,0.5093433274799735,0.0,4,1
24,Semantic textual similarity,0.5310487959245723,0.0,4,4
25,Classification,0.3188734538397828,0.01614022074869509,4,3
25,Clustering,0.4844381808667524,9.460575928795053e-05,4,3
25,Pair classification,0.5091235472601933,0.0,4,1
25,Semantic textual similarity,0.532046493878792,0.0,4,4
26,Classification,0.3189444094365535,0.016159636151806975,4,3
26,Clustering,0.4843374482660197,9.634175355858439e-05,4,3
26,Pair classification,0.5129744789372119,0.0,4,1
26,Semantic textual similarity,0.5336163525915079,0.0,4,4
27,Classification,0.3188734538397828,0.01614022074869509,4,3
27,Clustering,0.4838521002806717,9.934679214993051e-05,4,3
27,Pair classification,0.5129744789372119,0.0,4,1
27,Semantic textual similarity,0.5340821911008247,0.0,4,4
28,Classification,0.3191052524824354,0.016143045506757783,4,3
28,Clustering,0.4821937379390796,9.438321135564546e-05,4,3
28,Pair classification,0.5129744789372119,0.0,4,1
28,Semantic textual similarity,0.5353744702502466,0.0,4,4
29,Classification,0.3191052524824354,0.016143045506757783,4,3
29,Clustering,0.482876626479111,9.927655299733123e-05,4,3
29,Pair classification,0.5129744789372119,0.0,4,1
29,Semantic textual similarity,0.5353744702502466,0.0,4,4
30,Classification,0.31988349043320113,0.01622165498826095,4,3
30,Clustering,0.4839588775613621,0.00010812776511732521,4,3
30,Pair classification,0.5129744789372119,0.0,4,1
30,Semantic textual similarity,0.5353744702502466,0.0,4,4
31,Classification,0.31795720239649916,0.01606447665988521,4,3
31,Clustering,0.4870391306416152,0.00011072685006263484,4,3
31,Pair classification,0.5129744789372119,0.0,4,1
31,Semantic textual similarity,0.5353744702502466,0.0,4,4
32,Classification,0.3170483003723554,0.017592748563843515,4,3
32,Clustering,0.48862218526814805,0.00011532226946865112,4,3
32,Pair classification,0.5129744789372119,0.0,4,1
32,Semantic textual similarity,0.5355707025893361,0.0,4,4
33,Classification,0.31716900688324073,0.017326940692814628,4,3
33,Clustering,0.4906063088050666,0.00012579621609140767,4,3
33,Pair classification,0.5129744789372119,0.0,4,1
33,Semantic textual similarity,0.5361297088005162,0.0,4,4
34,Classification,0.3174853641418388,0.0173094831898838,4,3
34,Clustering,0.4906063088050666,0.00012579621609140767,4,3
34,Pair classification,0.5129744789372119,0.0,4,1
34,Semantic textual similarity,0.5369695211620678,0.0,4,4
35,Classification,0.317540323822577,0.017221619244534688,4,3
35,Clustering,0.49079423681908163,0.00013015539923405433,4,3
35,Pair classification,0.5129744789372119,0.0,4,1
35,Semantic textual similarity,0.5394395511320977,0.0,4,4
36,Classification,0.317540323822577,0.017221619244534688,4,3
36,Clustering,0.49079423681908163,0.00013015539923405433,4,3
36,Pair classification,0.5158316217943548,0.0,4,1
36,Semantic textual similarity,0.5434282797947394,0.0,4,4
37,Classification,0.3244862025563627,0.016489924192995258,4,3
37,Clustering,0.49079423681908163,0.00013015539923405433,4,3
37,Pair classification,0.5181864098634286,0.0,4,1
37,Semantic textual similarity,0.5431260819925416,0.0,4,4
38,Classification,0.3244226409408425,0.016547116420381647,4,3
38,Clustering,0.49079423681908163,0.00013015539923405433,4,3
38,Pair classification,0.5141904058674246,0.0,4,1
38,Semantic textual similarity,0.5430986094650692,0.0,4,4
39,Classification,0.32435168534407177,0.01652888709054141,4,3
39,Clustering,0.48866969469453947,0.00012733238866120746,4,3
39,Pair classification,0.5141904058674246,0.0,4,1
39,Semantic textual similarity,0.5435932855963912,0.0,4,4
40,Classification,0.3255224786987118,0.01656096412698961,4,3
40,Clustering,0.48815209635085416,0.00012568856099214832,4,3
40,Pair classification,0.5131914048684235,0.0,4,1
40,Semantic textual similarity,0.5442051737082794,0.0,4,4
41,Classification,0.3255224786987118,0.01656096412698961,4,3
41,Clustering,0.4881520963508541,0.00016202360244629423,4,3
41,Pair classification,0.5171874088644276,0.0,4,1
41,Semantic textual similarity,0.5442051737082794,0.0,4,4
42,Classification,0.325440247216123,0.016551519917509343,4,3
42,Clustering,0.4875883123088092,0.00016252964570235098,4,3
42,Pair classification,0.5171874088644276,0.0,4,1
42,Semantic textual similarity,0.5439304484335541,0.0,4,4
43,Classification,0.32536929161935224,0.016533196736821677,4,3
43,Clustering,0.48766077607692515,0.00016259231652232165,4,3
43,Pair classification,0.5176843032743654,0.0,4,1
43,Semantic textual similarity,0.5439304484335541,0.0,4,4
44,Classification,0.32536929161935224,0.016533196736821677,4,3
44,Clustering,0.48811467000907993,0.00016108794489139885,4,3
44,Pair classification,0.5184692326307234,0.0,4,1
44,Semantic textual similarity,0.5448170618201674,0.0,4,4
45,Classification,0.3255224786987118,0.01656096412698961,4,3
45,Clustering,0.4891442925604416,0.00017652537790722124,4,3
45,Pair classification,0.5184692326307234,0.0,4,1
45,Semantic textual similarity,0.5456019911765254,0.0,4,4
46,Classification,0.32567011094128073,0.016499962843694465,4,3
46,Clustering,0.48999594091209003,0.0001971971783958569,4,3
46,Pair classification,0.5184692326307234,0.0,4,1
46,Semantic textual similarity,0.5465474742648656,0.0,4,4
47,Classification,0.32653393031225225,0.016347189957622053,4,3
47,Clustering,0.48999594091209003,0.0001971971783958569,4,3
47,Pair classification,0.5184692326307234,0.0,4,1
47,Semantic textual similarity,0.5500974956720298,0.0,4,4
