metric,task,seed,ndcg_at_1,ndcg_at_3,selected_percentile,top1_overlap,top3_overlap,top5_overlap,ndcg_at_5,regret_at_1,family
Anisotropy,ArXivHierarchicalClusteringP2P,11,0.6770796680500474,0.7874597535332705,0.8476190476190476,0.0,0.3333333333333333,0.4,0.7218607542094496,0.0491607180843519,Cluster-organized
Anisotropy,ArXivHierarchicalClusteringP2P,22,0.7009533924461366,0.8210818595774286,0.8285714285714286,0.0,0.3333333333333333,0.4,0.7388148555429158,0.0494769189456146,Cluster-organized
Anisotropy,ArXivHierarchicalClusteringP2P,33,0.7690384947414144,0.8398132080763072,0.9047619047619048,0.0,0.3333333333333333,0.4,0.7608291019116624,0.0343678280162577,Cluster-organized
Anisotropy,ArXivHierarchicalClusteringP2P,44,0.8435567916557452,0.866460315574915,0.923809523809524,0.0,0.0,0.4,0.7603771497613036,0.025725590673932,Cluster-organized
Curvature,ArXivHierarchicalClusteringP2P,11,0.2236311048146286,0.2642958367978053,0.0857142857142857,0.0,0.0,0.0,0.2972872717839704,0.1181927819632709,Cluster-organized
Curvature,ArXivHierarchicalClusteringP2P,22,0.2524939260471064,0.3079111300509818,0.0761904761904762,0.0,0.0,0.0,0.3455997061676231,0.1236740243764861,Cluster-organized
Curvature,ArXivHierarchicalClusteringP2P,33,0.3917460964919107,0.3437201316464779,0.2,0.0,0.0,0.0,0.3543907695264212,0.0905101719118898,Cluster-organized
Curvature,ArXivHierarchicalClusteringP2P,44,0.3197442241834031,0.353205416152044,0.0571428571428571,0.0,0.0,0.0,0.3634572922646144,0.1118615619524179,Cluster-organized
DiME,ArXivHierarchicalClusteringP2P,11,0.1296492018747717,0.3576174236662592,0.0476190476190476,0.0,0.0,0.0,0.4016198447586979,0.1325003909253889,Cluster-organized
DiME,ArXivHierarchicalClusteringP2P,22,0.2503012570209941,0.4412369318974949,0.0666666666666666,0.0,0.0,0.0,0.4929910026445749,0.1240367989572343,Cluster-organized
DiME,ArXivHierarchicalClusteringP2P,33,0.2487558855395102,0.4352954473020194,0.0666666666666666,0.0,0.0,0.0,0.4623283084497758,0.1117875833684807,Cluster-organized
DiME,ArXivHierarchicalClusteringP2P,44,0.1982152671471627,0.398238910305951,0.0285714285714285,0.0,0.0,0.0,0.445492123314236,0.1318458376319636,Cluster-organized
Harmora,ArXivHierarchicalClusteringP2P,11,0.9620129235914804,0.91245621146433,0.9904761904761904,0.0,0.3333333333333333,0.4,0.7784471359526438,0.0057830733137528,Cluster-organized
Harmora,ArXivHierarchicalClusteringP2P,22,0.8917677593973526,0.8886151504465685,0.9809523809523808,0.0,0.3333333333333333,0.4,0.769883792721114,0.0179069003303604,Cluster-organized
Harmora,ArXivHierarchicalClusteringP2P,33,0.920847558696336,0.9044791719470736,0.9809523809523808,0.0,0.3333333333333333,0.4,0.7599247907195682,0.0117781423650906,Cluster-organized
Harmora,ArXivHierarchicalClusteringP2P,44,0.9327839387705644,0.9332994912192536,0.961904761904762,0.0,0.3333333333333333,0.4,0.7883442637794158,0.0110530389666859,Cluster-organized
InfoNCE,ArXivHierarchicalClusteringP2P,11,0.6770796680500474,0.7874597535332705,0.8476190476190476,0.0,0.3333333333333333,0.4,0.7218607542094496,0.0491607180843519,Cluster-organized
InfoNCE,ArXivHierarchicalClusteringP2P,22,0.7009533924461366,0.8210818595774286,0.8285714285714286,0.0,0.3333333333333333,0.4,0.7388148555429158,0.0494769189456146,Cluster-organized
InfoNCE,ArXivHierarchicalClusteringP2P,33,0.7690384947414144,0.8398132080763072,0.9047619047619048,0.0,0.3333333333333333,0.4,0.7608291019116624,0.0343678280162577,Cluster-organized
InfoNCE,ArXivHierarchicalClusteringP2P,44,0.8435567916557452,0.866460315574915,0.923809523809524,0.0,0.0,0.4,0.7603771497613036,0.025725590673932,Cluster-organized
LiDAR,ArXivHierarchicalClusteringP2P,11,0.020491464359506,0.1671942818687794,0.019047619047619,0.0,0.0,0.2,0.3464303831298244,0.1491183373033994,Cluster-organized
LiDAR,ArXivHierarchicalClusteringP2P,22,0.0802847025645718,0.2055213028471578,0.019047619047619,0.0,0.0,0.2,0.4092394932641441,0.1521658432993874,Cluster-organized
LiDAR,ArXivHierarchicalClusteringP2P,33,0.1100929062750078,0.2241552911658026,0.0095238095238095,0.0,0.0,0.2,0.4142587009551197,0.1324210885850699,Cluster-organized
LiDAR,ArXivHierarchicalClusteringP2P,44,0.1574998015262821,0.2937456054686606,0.019047619047619,0.0,0.0,0.2,0.4803475324341386,0.1385411068849212,Cluster-organized
Matrix entropy,ArXivHierarchicalClusteringP2P,11,0.6770796680500474,0.7874597535332705,0.8476190476190476,0.0,0.3333333333333333,0.4,0.7218607542094496,0.0491607180843519,Cluster-organized
Matrix entropy,ArXivHierarchicalClusteringP2P,22,0.7009533924461366,0.8210818595774286,0.8285714285714286,0.0,0.3333333333333333,0.4,0.7388148555429158,0.0494769189456146,Cluster-organized
Matrix entropy,ArXivHierarchicalClusteringP2P,33,0.7690384947414144,0.8398132080763072,0.9047619047619048,0.0,0.3333333333333333,0.4,0.7608291019116624,0.0343678280162577,Cluster-organized
Matrix entropy,ArXivHierarchicalClusteringP2P,44,0.8435567916557452,0.866460315574915,0.923809523809524,0.0,0.0,0.4,0.7603771497613036,0.025725590673932,Cluster-organized
Participation ratio,ArXivHierarchicalClusteringP2P,11,0.7542049341574889,0.7298073652656258,0.9333333333333332,0.0,0.0,0.0,0.7475716184656754,0.0374193283694541,Cluster-organized
Participation ratio,ArXivHierarchicalClusteringP2P,22,0.7609279534294939,0.8295971091477218,0.9047619047619048,0.0,0.0,0.0,0.8313436543515119,0.0395541964748776,Cluster-organized
Participation ratio,ArXivHierarchicalClusteringP2P,33,0.7210774020505292,0.7757045308619106,0.8380952380952381,0.0,0.0,0.0,0.7827973337735818,0.0415045956054136,Cluster-organized
Participation ratio,ArXivHierarchicalClusteringP2P,44,0.7621372302109249,0.7973145967016567,0.8857142857142857,0.0,0.0,0.0,0.8240846702151651,0.0391142595253877,Cluster-organized
Spectral gap,ArXivHierarchicalClusteringP2P,11,0.7542049341574889,0.7298073652656258,0.9333333333333332,0.0,0.0,0.0,0.7475716184656754,0.0374193283694541,Cluster-organized
Spectral gap,ArXivHierarchicalClusteringP2P,22,0.7609279534294939,0.8295971091477218,0.9047619047619048,0.0,0.0,0.0,0.8313436543515119,0.0395541964748776,Cluster-organized
Spectral gap,ArXivHierarchicalClusteringP2P,33,0.7210774020505292,0.7757045308619106,0.8380952380952381,0.0,0.0,0.0,0.7827973337735818,0.0415045956054136,Cluster-organized
Spectral gap,ArXivHierarchicalClusteringP2P,44,0.7621372302109249,0.7973145967016567,0.8857142857142857,0.0,0.0,0.0,0.8240846702151651,0.0391142595253877,Cluster-organized
Anisotropy,ArXivHierarchicalClusteringS2S,11,0.5231040998890036,0.5163360378845165,0.2476190476190476,0.0,0.0,0.0,0.5461770437792369,0.0826500066905927,Cluster-organized
Anisotropy,ArXivHierarchicalClusteringS2S,22,0.4253799272403,0.4770990326056049,0.0761904761904762,0.0,0.0,0.0,0.5135051042807425,0.0913823942740773,Cluster-organized
Anisotropy,ArXivHierarchicalClusteringS2S,33,0.5598157144689301,0.5379740397527236,0.238095238095238,0.0,0.0,0.2,0.5655240948865065,0.0869588199892784,Cluster-organized
Anisotropy,ArXivHierarchicalClusteringS2S,44,0.5679721098242281,0.5384943282916139,0.1714285714285714,0.0,0.0,0.2,0.5813834180448523,0.0820751150592445,Cluster-organized
Curvature,ArXivHierarchicalClusteringS2S,11,0.5297409873495749,0.587793942797029,0.2857142857142857,0.0,0.0,0.0,0.5845541545206456,0.0814997791610768,Cluster-organized
Curvature,ArXivHierarchicalClusteringS2S,22,0.5450324072340933,0.6109857724962993,0.2285714285714285,0.0,0.0,0.0,0.6106925267496578,0.0723539429181211,Cluster-organized
Curvature,ArXivHierarchicalClusteringS2S,33,0.5752444460014156,0.6227997751870858,0.2761904761904762,0.0,0.0,0.0,0.6414371691020544,0.0839108595506689,Cluster-organized
Curvature,ArXivHierarchicalClusteringS2S,44,0.5838473523023139,0.6316224246402755,0.2095238095238095,0.0,0.0,0.0,0.6365213541200958,0.0790591932111153,Cluster-organized
DiME,ArXivHierarchicalClusteringS2S,11,0.5822509581022036,0.5758517860313879,0.4380952380952381,0.0,0.0,0.0,0.5932807476069974,0.0723993666118864,Cluster-organized
DiME,ArXivHierarchicalClusteringS2S,22,0.6614728482976056,0.6136836067860488,0.5238095238095238,0.0,0.0,0.0,0.6285648943996515,0.0538363052664981,Cluster-organized
DiME,ArXivHierarchicalClusteringS2S,33,0.7099111956246251,0.6329215821923208,0.7047619047619048,0.0,0.0,0.0,0.6502035195648418,0.0573073163894277,Cluster-organized
DiME,ArXivHierarchicalClusteringS2S,44,0.6353881607090974,0.6359002948355925,0.3428571428571428,0.0,0.0,0.0,0.6544589045349541,0.0692676545710702,Cluster-organized
Harmora,ArXivHierarchicalClusteringS2S,11,1.0,0.9763123214772484,1.0,1.0,0.6666666666666666,0.6,0.9635725549062434,0.0,Cluster-organized
Harmora,ArXivHierarchicalClusteringS2S,22,1.0,0.9835307340727274,1.0,1.0,0.3333333333333333,0.2,0.9782028989244952,0.0,Cluster-organized
Harmora,ArXivHierarchicalClusteringS2S,33,1.0,0.9907359427981822,1.0,1.0,0.6666666666666666,0.6,0.9830094258742024,0.0,Cluster-organized
Harmora,ArXivHierarchicalClusteringS2S,44,1.0,0.9755069107156428,1.0,1.0,0.6666666666666666,0.6,0.9824239549337136,0.0,Cluster-organized
InfoNCE,ArXivHierarchicalClusteringS2S,11,0.5231040998890036,0.4623517101102607,0.2476190476190476,0.0,0.0,0.0,0.4286016545513386,0.0826500066905927,Cluster-organized
InfoNCE,ArXivHierarchicalClusteringS2S,22,0.4253799272403,0.4208113470993874,0.0761904761904762,0.0,0.0,0.0,0.3865052713992051,0.0913823942740773,Cluster-organized
InfoNCE,ArXivHierarchicalClusteringS2S,33,0.5598157144689301,0.4838425729061525,0.238095238095238,0.0,0.0,0.0,0.4635964088804782,0.0869588199892784,Cluster-organized
InfoNCE,ArXivHierarchicalClusteringS2S,44,0.5679721098242281,0.4831299975055794,0.1714285714285714,0.0,0.0,0.0,0.4611427232421787,0.0820751150592445,Cluster-organized
LiDAR,ArXivHierarchicalClusteringS2S,11,0.2559499409531318,0.3114052004951489,0.0285714285714285,0.0,0.0,0.0,0.3706049086205475,0.1289500336321755,Cluster-organized
LiDAR,ArXivHierarchicalClusteringS2S,22,0.2003741329935259,0.3571883236998152,0.019047619047619,0.0,0.0,0.0,0.4088407090086851,0.1271652866207727,Cluster-organized
LiDAR,ArXivHierarchicalClusteringS2S,33,0.2666990425366922,0.3785348430392393,0.019047619047619,0.0,0.0,0.0,0.4368011785804909,0.1448642944649517,Cluster-organized
LiDAR,ArXivHierarchicalClusteringS2S,44,0.3136754787295287,0.406371134256182,0.0095238095238095,0.0,0.0,0.0,0.4655572316825891,0.1303854805029758,Cluster-organized
Matrix entropy,ArXivHierarchicalClusteringS2S,11,0.5231040998890036,0.4623517101102607,0.2476190476190476,0.0,0.0,0.0,0.4286016545513386,0.0826500066905927,Cluster-organized
Matrix entropy,ArXivHierarchicalClusteringS2S,22,0.4253799272403,0.4208113470993874,0.0761904761904762,0.0,0.0,0.0,0.3865052713992051,0.0913823942740773,Cluster-organized
Matrix entropy,ArXivHierarchicalClusteringS2S,33,0.5598157144689301,0.4838425729061525,0.238095238095238,0.0,0.0,0.0,0.4635964088804782,0.0869588199892784,Cluster-organized
Matrix entropy,ArXivHierarchicalClusteringS2S,44,0.5679721098242281,0.4831299975055794,0.1714285714285714,0.0,0.0,0.0,0.4611427232421787,0.0820751150592445,Cluster-organized
Participation ratio,ArXivHierarchicalClusteringS2S,11,0.0,0.3708462387026774,0.0,0.0,0.0,0.0,0.4209271477968322,0.1733082768615879,Cluster-organized
Participation ratio,ArXivHierarchicalClusteringS2S,22,0.0,0.3202649559461166,0.0,0.0,0.0,0.0,0.3848928014805658,0.1590309816975232,Cluster-organized
Participation ratio,ArXivHierarchicalClusteringS2S,33,0.0,0.3738021300383758,0.0,0.0,0.0,0.0,0.4381565111646277,0.197550941384391,Cluster-organized
Participation ratio,ArXivHierarchicalClusteringS2S,44,0.0,0.364971694780609,0.0,0.0,0.0,0.0,0.4467541451782712,0.1899764272761466,Cluster-organized
Spectral gap,ArXivHierarchicalClusteringS2S,11,0.0,0.3291183635574009,0.0,0.0,0.0,0.0,0.4086657054581234,0.1733082768615879,Cluster-organized
Spectral gap,ArXivHierarchicalClusteringS2S,22,0.0,0.3022368673019491,0.0,0.0,0.0,0.0,0.3638398567079849,0.1590309816975232,Cluster-organized
Spectral gap,ArXivHierarchicalClusteringS2S,33,0.0,0.3686292173237851,0.0,0.0,0.0,0.0,0.4552674199964091,0.197550941384391,Cluster-organized
Spectral gap,ArXivHierarchicalClusteringS2S,44,0.0,0.3715653581606938,0.0,0.0,0.0,0.0,0.4341876725913839,0.1899764272761466,Cluster-organized
Anisotropy,BiorxivClusteringP2P.v2,11,0.8962449572355231,0.9095700674835024,0.9523809523809524,0.0,0.0,0.4,0.8593704144089035,0.0260577468598074,Cluster-organized
Anisotropy,BiorxivClusteringP2P.v2,22,0.928212625351143,0.9153020265956548,0.9809523809523808,0.0,0.6666666666666666,0.4,0.8588277420296565,0.018678099902648,Cluster-organized
Anisotropy,BiorxivClusteringP2P.v2,33,0.938049209634742,0.8909354486974124,0.9904761904761904,0.0,0.3333333333333333,0.4,0.8460261508122601,0.0165660605753608,Cluster-organized
Anisotropy,BiorxivClusteringP2P.v2,44,0.9319865050157218,0.9227837648410784,0.961904761904762,0.0,0.3333333333333333,0.6,0.8742464534014635,0.0174076124944795,Cluster-organized
Curvature,BiorxivClusteringP2P.v2,11,0.1638601830585931,0.3182465538698099,0.1142857142857142,0.0,0.0,0.0,0.2454397072306468,0.209993838455865,Cluster-organized
Curvature,BiorxivClusteringP2P.v2,22,0.2014450339077927,0.3422289872262748,0.1333333333333333,0.0,0.3333333333333333,0.2,0.2707890699763541,0.207773156594513,Cluster-organized
Curvature,BiorxivClusteringP2P.v2,33,0.1183967982532916,0.3164992918294367,0.1047619047619047,0.0,0.3333333333333333,0.2,0.2500614100954096,0.2357466621080967,Cluster-organized
Curvature,BiorxivClusteringP2P.v2,44,0.0881428197277541,0.2892598320465537,0.0857142857142857,0.0,0.0,0.2,0.232678451179502,0.2333839254718083,Cluster-organized
DiME,BiorxivClusteringP2P.v2,11,0.5072681112795927,0.5934685889867343,0.2952380952380952,0.0,0.0,0.0,0.5955286689057004,0.1237480365670198,Cluster-organized
DiME,BiorxivClusteringP2P.v2,22,0.4300036551378859,0.5816604672993791,0.2285714285714285,0.0,0.0,0.0,0.5985260776879693,0.1483053075217633,Cluster-organized
DiME,BiorxivClusteringP2P.v2,33,0.3609715621878206,0.5298907997462601,0.2095238095238095,0.0,0.0,0.0,0.5458330221449358,0.1708805286867088,Cluster-organized
DiME,BiorxivClusteringP2P.v2,44,0.4786474418202782,0.5849313062783064,0.2476190476190476,0.0,0.0,0.0,0.5923569542699161,0.1334368026212451,Cluster-organized
Harmora,BiorxivClusteringP2P.v2,11,0.8984440761543848,0.9483750355407676,0.961904761904762,0.0,0.6666666666666666,0.6,0.7055038310536114,0.0255054451829396,Cluster-organized
Harmora,BiorxivClusteringP2P.v2,22,0.8142524542717083,0.8919710439171958,0.9047619047619048,0.0,0.0,0.4,0.6696606179517881,0.0483289886662536,Cluster-organized
Harmora,BiorxivClusteringP2P.v2,33,0.9281252436231656,0.9351390612934636,0.9809523809523808,0.0,0.3333333333333333,0.4,0.6999793571217151,0.0192197962440471,Cluster-organized
Harmora,BiorxivClusteringP2P.v2,44,1.0,0.9439919790080058,1.0,1.0,0.3333333333333333,0.4,0.7065786808959948,0.0,Cluster-organized
InfoNCE,BiorxivClusteringP2P.v2,11,0.8962449572355231,0.9095700674835024,0.9523809523809524,0.0,0.0,0.4,0.8593704144089035,0.0260577468598074,Cluster-organized
InfoNCE,BiorxivClusteringP2P.v2,22,0.928212625351143,0.9153020265956548,0.9809523809523808,0.0,0.6666666666666666,0.4,0.8588277420296565,0.018678099902648,Cluster-organized
InfoNCE,BiorxivClusteringP2P.v2,33,0.938049209634742,0.8909354486974124,0.9904761904761904,0.0,0.3333333333333333,0.4,0.8460261508122601,0.0165660605753608,Cluster-organized
InfoNCE,BiorxivClusteringP2P.v2,44,0.9319865050157218,0.9227837648410784,0.961904761904762,0.0,0.3333333333333333,0.6,0.8742464534014635,0.0174076124944795,Cluster-organized
LiDAR,BiorxivClusteringP2P.v2,11,0.3742723496945561,0.4962557767839708,0.1809523809523809,0.0,0.0,0.0,0.5794657338661597,0.1571494963560828,Cluster-organized
LiDAR,BiorxivClusteringP2P.v2,22,0.4194864270544891,0.538164631833857,0.2095238095238095,0.0,0.0,0.0,0.6001747284951731,0.1510417474292192,Cluster-organized
LiDAR,BiorxivClusteringP2P.v2,33,0.3064243431896177,0.4551659359301966,0.1714285714285714,0.0,0.0,0.0,0.5396412436912638,0.1854668241772738,Cluster-organized
LiDAR,BiorxivClusteringP2P.v2,44,0.3315557235298085,0.5184781361971255,0.1809523809523809,0.0,0.0,0.0,0.5859717246580297,0.1710839729914712,Cluster-organized
Matrix entropy,BiorxivClusteringP2P.v2,11,0.9431555065474664,0.9178086516854138,0.9714285714285714,0.0,0.0,0.4,0.8654340848459838,0.0142763125655733,Cluster-organized
Matrix entropy,BiorxivClusteringP2P.v2,22,0.9377558621949584,0.917015318641529,0.9904761904761904,0.0,0.6666666666666666,0.4,0.8600878975582966,0.0161950792874588,Cluster-organized
Matrix entropy,BiorxivClusteringP2P.v2,33,0.838956672707132,0.8731466436822019,0.9428571428571428,0.0,0.3333333333333333,0.4,0.8329642225003469,0.043064075526104,Cluster-organized
Matrix entropy,BiorxivClusteringP2P.v2,44,0.9858964567896604,0.9321857569709492,0.9809523809523808,0.0,0.3333333333333333,0.6,0.8811272717606272,0.0036097103238333,Cluster-organized
Participation ratio,BiorxivClusteringP2P.v2,11,0.8402819831883259,0.848992862851883,0.9142857142857144,0.0,0.0,0.2,0.8833601754663347,0.0401126686485642,Cluster-organized
Participation ratio,BiorxivClusteringP2P.v2,22,0.7235492197753677,0.8050964671990221,0.8095238095238095,0.0,0.0,0.2,0.8491288552419963,0.0719287383952672,Cluster-organized
Participation ratio,BiorxivClusteringP2P.v2,33,0.7286148016611153,0.7590789561694944,0.8857142857142857,0.0,0.0,0.0,0.793381955559249,0.0725702385462948,Cluster-organized
Participation ratio,BiorxivClusteringP2P.v2,44,0.7975666323833392,0.8378178040526442,0.9047619047619048,0.0,0.0,0.2,0.8678743978056589,0.0518115062347246,Cluster-organized
Spectral gap,BiorxivClusteringP2P.v2,11,0.8402819831883259,0.848992862851883,0.9142857142857144,0.0,0.0,0.2,0.8820511797801797,0.0401126686485642,Cluster-organized
Spectral gap,BiorxivClusteringP2P.v2,22,0.7235492197753677,0.8050964671990221,0.8095238095238095,0.0,0.0,0.2,0.8471662355159347,0.0719287383952672,Cluster-organized
Spectral gap,BiorxivClusteringP2P.v2,33,0.7286148016611153,0.7590789561694944,0.8857142857142857,0.0,0.0,0.0,0.7923674101863937,0.0725702385462948,Cluster-organized
Spectral gap,BiorxivClusteringP2P.v2,44,0.7975666323833392,0.8378178040526442,0.9047619047619048,0.0,0.0,0.2,0.8651535371971123,0.0518115062347246,Cluster-organized
Anisotropy,Banking77Classification.v2,11,0.8266666666666665,0.8171726899984413,0.9142857142857144,0.0,0.0,0.0,0.7899666588153987,0.0844155844155845,Core class-organized
Anisotropy,Banking77Classification.v2,22,0.9534883720930232,0.8921614550091364,0.9666666666666668,0.0,0.0,0.2,0.8419284355084155,0.0259740259740259,Core class-organized
Anisotropy,Banking77Classification.v2,33,0.8409090909090909,0.849183530569047,0.919047619047619,0.0,0.0,0.2,0.8151813718759239,0.0909090909090909,Core class-organized
Anisotropy,Banking77Classification.v2,44,0.9534883720930232,0.9137562059007496,0.961904761904762,0.0,0.0,0.0,0.8756707153558881,0.0259740259740259,Core class-organized
Curvature,Banking77Classification.v2,11,0.9733333333333332,0.9759694546824376,0.9904761904761904,0.0,0.6666666666666666,0.4,0.964366003928104,0.0129870129870129,Core class-organized
Curvature,Banking77Classification.v2,22,1.0,0.9807966597660464,0.9952380952380953,0.0,0.6666666666666666,0.6,0.984232980038575,0.0,Core class-organized
Curvature,Banking77Classification.v2,33,1.0,0.9731899166101928,1.0,1.0,0.3333333333333333,0.6,0.9692161719170368,0.0,Core class-organized
Curvature,Banking77Classification.v2,44,1.0,0.9929895953787832,1.0,1.0,0.6666666666666666,0.6,0.991405233009294,0.0,Core class-organized
DiME,Banking77Classification.v2,11,0.5733333333333333,0.5754949428603638,0.3,0.0,0.0,0.0,0.6115604117168173,0.2077922077922078,Core class-organized
DiME,Banking77Classification.v2,22,0.686046511627907,0.6734807539646473,0.6476190476190476,0.0,0.0,0.0,0.6894897692962042,0.1753246753246753,Core class-organized
DiME,Banking77Classification.v2,33,0.6931818181818182,0.664840163625748,0.7666666666666667,0.0,0.0,0.0,0.6604846176440452,0.1753246753246753,Core class-organized
DiME,Banking77Classification.v2,44,0.7209302325581397,0.7236108324561629,0.6095238095238096,0.0,0.0,0.0,0.7238871774808924,0.1558441558441557,Core class-organized
Harmora,Banking77Classification.v2,11,0.9733333333333332,0.9759694546824376,0.9904761904761904,0.0,0.6666666666666666,0.4,0.8964761187807535,0.0129870129870129,Core class-organized
Harmora,Banking77Classification.v2,22,1.0,0.9807966597660464,0.9952380952380953,0.0,0.6666666666666666,0.4,0.8831857908953974,0.0,Core class-organized
Harmora,Banking77Classification.v2,33,1.0,0.9704501620488148,1.0,1.0,0.3333333333333333,0.4,0.8973019744135856,0.0,Core class-organized
Harmora,Banking77Classification.v2,44,1.0,0.9985452095985384,1.0,1.0,0.6666666666666666,0.8,0.9187445505241548,0.0,Core class-organized
InfoNCE,Banking77Classification.v2,11,0.6933333333333334,0.7850303115037319,0.7619047619047619,0.0,0.0,0.0,0.7667820084276472,0.1493506493506493,Core class-organized
InfoNCE,Banking77Classification.v2,22,0.686046511627907,0.82978313384174,0.6476190476190476,0.0,0.0,0.2,0.7973787160884721,0.1753246753246753,Core class-organized
InfoNCE,Banking77Classification.v2,33,0.6931818181818182,0.8092621365963228,0.7666666666666667,0.0,0.0,0.2,0.7854902648080899,0.1753246753246753,Core class-organized
InfoNCE,Banking77Classification.v2,44,0.744186046511628,0.8652104683244142,0.7047619047619048,0.0,0.0,0.0,0.8408309089816266,0.1428571428571428,Core class-organized
LiDAR,Banking77Classification.v2,11,0.7066666666666666,0.7042169339461406,0.8,0.0,0.0,0.0,0.7067076133650262,0.1428571428571429,Core class-organized
LiDAR,Banking77Classification.v2,22,0.6976744186046513,0.7015023269569343,0.7095238095238096,0.0,0.0,0.0,0.6999623985358515,0.1688311688311687,Core class-organized
LiDAR,Banking77Classification.v2,33,0.7159090909090909,0.7142857142857143,0.819047619047619,0.0,0.0,0.0,0.7278322461496646,0.1623376623376623,Core class-organized
LiDAR,Banking77Classification.v2,44,0.7674418604651162,0.7820765554566371,0.7904761904761904,0.0,0.0,0.0,0.791750898034513,0.1298701298701299,Core class-organized
Matrix entropy,Banking77Classification.v2,11,0.8266666666666665,0.8087559026074157,0.9142857142857144,0.0,0.0,0.0,0.7720520058078911,0.0844155844155845,Core class-organized
Matrix entropy,Banking77Classification.v2,22,0.9534883720930232,0.8763573552089167,0.9666666666666668,0.0,0.0,0.2,0.8279737546593335,0.0259740259740259,Core class-organized
Matrix entropy,Banking77Classification.v2,33,0.8409090909090909,0.835552345765482,0.919047619047619,0.0,0.0,0.2,0.8117480262292279,0.0909090909090909,Core class-organized
Matrix entropy,Banking77Classification.v2,44,0.9534883720930232,0.9021178826890592,0.961904761904762,0.0,0.0,0.0,0.8624927130718553,0.0259740259740259,Core class-organized
Participation ratio,Banking77Classification.v2,11,0.6933333333333334,0.6629685664282425,0.7619047619047619,0.0,0.0,0.0,0.6784108969563589,0.1493506493506493,Core class-organized
Participation ratio,Banking77Classification.v2,22,0.686046511627907,0.6870672871885157,0.6476190476190476,0.0,0.0,0.0,0.6913123695657721,0.1753246753246753,Core class-organized
Participation ratio,Banking77Classification.v2,33,0.6931818181818182,0.7204826541876053,0.7666666666666667,0.0,0.0,0.0,0.725449232427462,0.1753246753246753,Core class-organized
Participation ratio,Banking77Classification.v2,44,0.744186046511628,0.7617727367937186,0.7047619047619048,0.0,0.0,0.0,0.7689495743808705,0.1428571428571428,Core class-organized
Spectral gap,Banking77Classification.v2,11,0.6933333333333334,0.68324814937111,0.7619047619047619,0.0,0.0,0.0,0.6987518535030346,0.1493506493506493,Core class-organized
Spectral gap,Banking77Classification.v2,22,0.686046511627907,0.6801438822047687,0.6476190476190476,0.0,0.0,0.0,0.6957371298487579,0.1753246753246753,Core class-organized
Spectral gap,Banking77Classification.v2,33,0.6931818181818182,0.6928251714635011,0.7666666666666667,0.0,0.0,0.0,0.7014787579507943,0.1753246753246753,Core class-organized
Spectral gap,Banking77Classification.v2,44,0.744186046511628,0.7617727367937186,0.7047619047619048,0.0,0.0,0.0,0.7732927189431512,0.1428571428571428,Core class-organized
Anisotropy,EmotionClassification.v2,11,0.488888888888889,0.5236454378825639,0.3428571428571428,0.0,0.0,0.0,0.56003325091886,0.1503267973856208,Core class-organized
Anisotropy,EmotionClassification.v2,22,0.4999999999999998,0.5723876325208207,0.5142857142857142,0.0,0.0,0.0,0.572776668836901,0.1960784313725491,Core class-organized
Anisotropy,EmotionClassification.v2,33,0.6222222222222221,0.5559481025744608,0.6190476190476191,0.0,0.0,0.0,0.5538964370021897,0.1111111111111111,Core class-organized
Anisotropy,EmotionClassification.v2,44,0.4285714285714284,0.5535773782191585,0.238095238095238,0.0,0.0,0.0,0.5774373954750525,0.1830065359477125,Core class-organized
Curvature,EmotionClassification.v2,11,0.488888888888889,0.5099533157946022,0.3428571428571428,0.0,0.0,0.0,0.5039801451211144,0.1503267973856208,Core class-organized
Curvature,EmotionClassification.v2,22,0.5833333333333331,0.6310243015909698,0.6761904761904762,0.0,0.0,0.0,0.5672038319085363,0.1633986928104576,Core class-organized
Curvature,EmotionClassification.v2,33,0.7333333333333332,0.6634256332301646,0.7523809523809524,0.0,0.0,0.0,0.6129580527011775,0.0784313725490196,Core class-organized
Curvature,EmotionClassification.v2,44,0.6326530612244897,0.6351692296271977,0.638095238095238,0.0,0.0,0.0,0.6091923241849719,0.1176470588235294,Core class-organized
DiME,EmotionClassification.v2,11,0.1555555555555555,0.2619490292498295,0.0095238095238095,0.0,0.0,0.0,0.3183685092859923,0.2483660130718954,Core class-organized
DiME,EmotionClassification.v2,22,0.3666666666666665,0.3722884130586034,0.2714285714285714,0.0,0.0,0.0,0.382939464419321,0.2483660130718955,Core class-organized
DiME,EmotionClassification.v2,33,0.2222222222222221,0.2528409365357163,0.0571428571428571,0.0,0.0,0.0,0.2969376149550266,0.2287581699346406,Core class-organized
DiME,EmotionClassification.v2,44,0.36734693877551,0.4543057062413371,0.0857142857142857,0.0,0.0,0.0,0.4502711560368096,0.2026143790849673,Core class-organized
Harmora,EmotionClassification.v2,11,0.6222222222222225,0.7976394943327543,0.6047619047619047,0.0,0.3333333333333333,0.2,0.7629037043914225,0.111111111111111,Core class-organized
Harmora,EmotionClassification.v2,22,0.7499999999999998,0.9054195670956294,0.9285714285714286,0.0,0.6666666666666666,0.4,0.8738843641111392,0.0980392156862746,Core class-organized
Harmora,EmotionClassification.v2,33,0.8222222222222222,0.9190445984257398,0.9,0.0,0.6666666666666666,0.4,0.8867552528404524,0.0522875816993464,Core class-organized
Harmora,EmotionClassification.v2,44,0.7346938775510203,0.9072975650725918,0.7857142857142857,0.0,0.6666666666666666,0.4,0.8469418087291399,0.0849673202614379,Core class-organized
InfoNCE,EmotionClassification.v2,11,0.6222222222222225,0.547230251049095,0.6047619047619047,0.0,0.0,0.0,0.5775256971206273,0.111111111111111,Core class-organized
InfoNCE,EmotionClassification.v2,22,0.6833333333333333,0.6066270323156637,0.8571428571428571,0.0,0.0,0.0,0.5984949634440901,0.1241830065359477,Core class-organized
InfoNCE,EmotionClassification.v2,33,0.5777777777777778,0.5481172796017426,0.5666666666666667,0.0,0.0,0.0,0.5481197682930854,0.1241830065359477,Core class-organized
InfoNCE,EmotionClassification.v2,44,0.5714285714285716,0.5795020730976862,0.5047619047619047,0.0,0.0,0.0,0.5967186331848531,0.1372549019607842,Core class-organized
LiDAR,EmotionClassification.v2,11,0.6666666666666667,0.7304419869784222,0.680952380952381,0.0,0.0,0.0,0.7586161990021821,0.0980392156862745,Core class-organized
LiDAR,EmotionClassification.v2,22,0.4999999999999998,0.5815256087057356,0.5142857142857142,0.0,0.0,0.0,0.588103002540628,0.1960784313725491,Core class-organized
LiDAR,EmotionClassification.v2,33,0.5111111111111111,0.5958571119483409,0.4714285714285714,0.0,0.0,0.0,0.5698547986283018,0.1437908496732026,Core class-organized
LiDAR,EmotionClassification.v2,44,0.6530612244897958,0.7597657922448383,0.6619047619047619,0.0,0.3333333333333333,0.2,0.7831407113716028,0.1111111111111111,Core class-organized
Matrix entropy,EmotionClassification.v2,11,0.6222222222222225,0.547230251049095,0.6047619047619047,0.0,0.0,0.0,0.5424665993889585,0.111111111111111,Core class-organized
Matrix entropy,EmotionClassification.v2,22,0.6833333333333333,0.6066270323156637,0.8571428571428571,0.0,0.0,0.0,0.564922538254817,0.1241830065359477,Core class-organized
Matrix entropy,EmotionClassification.v2,33,0.5777777777777778,0.5481172796017426,0.5666666666666667,0.0,0.0,0.0,0.5046467026933609,0.1241830065359477,Core class-organized
Matrix entropy,EmotionClassification.v2,44,0.5714285714285716,0.5795020730976862,0.5047619047619047,0.0,0.0,0.0,0.591541982566471,0.1372549019607842,Core class-organized
Participation ratio,EmotionClassification.v2,11,0.6222222222222225,0.5430468282375779,0.6047619047619047,0.0,0.0,0.0,0.6478237239671923,0.111111111111111,Core class-organized
Participation ratio,EmotionClassification.v2,22,0.6833333333333333,0.6000016030165171,0.8571428571428571,0.0,0.0,0.0,0.6749938954476392,0.1241830065359477,Core class-organized
Participation ratio,EmotionClassification.v2,33,0.5777777777777778,0.5314491076425883,0.5666666666666667,0.0,0.0,0.4,0.6634402497921229,0.1241830065359477,Core class-organized
Participation ratio,EmotionClassification.v2,44,0.5714285714285716,0.5952682420186777,0.5047619047619047,0.0,0.0,0.0,0.6893419850490519,0.1372549019607842,Core class-organized
Spectral gap,EmotionClassification.v2,11,0.488888888888889,0.6195004142512593,0.3428571428571428,0.0,0.0,0.0,0.6364868947111006,0.1503267973856208,Core class-organized
Spectral gap,EmotionClassification.v2,22,0.4999999999999998,0.6398582073231653,0.5142857142857142,0.0,0.0,0.0,0.6694635859166003,0.1960784313725491,Core class-organized
Spectral gap,EmotionClassification.v2,33,0.6222222222222221,0.6885587479816785,0.6190476190476191,0.0,0.0,0.4,0.7523737251121797,0.1111111111111111,Core class-organized
Spectral gap,EmotionClassification.v2,44,0.4285714285714284,0.5836816297183923,0.238095238095238,0.0,0.0,0.0,0.6196538879767902,0.1830065359477125,Core class-organized
Anisotropy,HUMEEmotionClassification,11,0.4285714285714285,0.5094975886117463,0.419047619047619,0.0,0.0,0.0,0.5300472784678905,0.3333333333333333,Core class-organized
Anisotropy,HUMEEmotionClassification,22,1.0,0.8240204777414664,0.9666666666666668,0.0,0.0,0.0,0.7341782093448698,0.0,Core class-organized
Anisotropy,HUMEEmotionClassification,33,0.3999999999999998,0.4122885095908972,0.419047619047619,0.0,0.0,0.0,0.4082523786330347,0.2500000000000001,Core class-organized
Anisotropy,HUMEEmotionClassification,44,0.3333333333333332,0.4514816029166624,0.1238095238095238,0.0,0.0,0.2,0.6212678978812319,0.3333333333333333,Core class-organized
Curvature,HUMEEmotionClassification,11,0.4285714285714285,0.4637302127565569,0.419047619047619,0.0,0.0,0.0,0.537686127893067,0.3333333333333333,Core class-organized
Curvature,HUMEEmotionClassification,22,0.75,0.5432992037642228,0.819047619047619,0.0,0.0,0.0,0.4947763976740955,0.0833333333333333,Core class-organized
Curvature,HUMEEmotionClassification,33,0.0,0.3530721273977242,0.0095238095238095,0.0,0.3333333333333333,0.2,0.390724116950118,0.4166666666666667,Core class-organized
Curvature,HUMEEmotionClassification,44,0.5,0.5914197328472228,0.3952380952380952,0.0,0.0,0.0,0.5908638641692102,0.25,Core class-organized
DiME,HUMEEmotionClassification,11,0.4285714285714285,0.5457673758551894,0.419047619047619,0.0,0.0,0.0,0.4646295759165288,0.3333333333333333,Core class-organized
DiME,HUMEEmotionClassification,22,0.2499999999999999,0.4999999999999999,0.1047619047619047,0.0,0.0,0.0,0.5365170874606766,0.25,Core class-organized
DiME,HUMEEmotionClassification,33,0.1999999999999999,0.3530721273977242,0.1476190476190476,0.0,0.0,0.0,0.3010848438128922,0.3333333333333333,Core class-organized
DiME,HUMEEmotionClassification,44,0.6666666666666666,0.645555191250012,0.7095238095238096,0.0,0.0,0.0,0.710232457249219,0.1666666666666666,Core class-organized
Harmora,HUMEEmotionClassification,11,0.5714285714285714,0.7003441134407086,0.6857142857142857,0.0,0.0,0.0,0.7122033989814281,0.25,Core class-organized
Harmora,HUMEEmotionClassification,22,1.0,0.9259795222585336,0.9666666666666668,0.0,0.3333333333333333,0.2,0.7787812688433496,0.0,Core class-organized
Harmora,HUMEEmotionClassification,33,0.6,0.6592163821931729,0.7333333333333333,0.0,0.0,0.2,0.6559017152283964,0.1666666666666666,Core class-organized
Harmora,HUMEEmotionClassification,44,0.5,0.5597525197222409,0.3952380952380952,0.0,0.0,0.0,0.5456290825864222,0.25,Core class-organized
InfoNCE,HUMEEmotionClassification,11,0.5714285714285714,0.5362697872434431,0.6857142857142857,0.0,0.0,0.0,0.5474487424846786,0.25,Core class-organized
InfoNCE,HUMEEmotionClassification,22,1.0,0.7779385667756009,0.9666666666666668,0.0,0.0,0.0,0.70087358777158,0.0,Core class-organized
InfoNCE,HUMEEmotionClassification,33,0.6,0.4346393630113781,0.7333333333333333,0.0,0.0,0.0,0.4159127758408312,0.1666666666666666,Core class-organized
InfoNCE,HUMEEmotionClassification,44,0.3333333333333332,0.47394984819447,0.1238095238095238,0.0,0.0,0.2,0.635118213103471,0.3333333333333333,Core class-organized
LiDAR,HUMEEmotionClassification,11,0.4285714285714285,0.6183069503420757,0.419047619047619,0.0,0.0,0.2,0.5181319633449875,0.3333333333333333,Core class-organized
LiDAR,HUMEEmotionClassification,22,0.2499999999999999,0.3826803184943107,0.1047619047619047,0.0,0.0,0.0,0.5173295748984434,0.25,Core class-organized
LiDAR,HUMEEmotionClassification,33,0.1999999999999999,0.3530721273977242,0.1476190476190476,0.0,0.0,0.0,0.3566481187533936,0.3333333333333333,Core class-organized
LiDAR,HUMEEmotionClassification,44,0.6666666666666666,0.7742591985416686,0.7095238095238096,0.0,0.3333333333333333,0.2,0.7317948511364987,0.1666666666666666,Core class-organized
Matrix entropy,HUMEEmotionClassification,11,0.4285714285714285,0.5094975886117463,0.419047619047619,0.0,0.0,0.0,0.5300472784678905,0.3333333333333333,Core class-organized
Matrix entropy,HUMEEmotionClassification,22,1.0,0.8240204777414664,0.9666666666666668,0.0,0.0,0.0,0.7341782093448698,0.0,Core class-organized
Matrix entropy,HUMEEmotionClassification,33,0.3999999999999998,0.4122885095908972,0.419047619047619,0.0,0.0,0.0,0.4082523786330347,0.2500000000000001,Core class-organized
Matrix entropy,HUMEEmotionClassification,44,0.3333333333333332,0.4514816029166624,0.1238095238095238,0.0,0.0,0.2,0.6212678978812319,0.3333333333333333,Core class-organized
Participation ratio,HUMEEmotionClassification,11,0.5714285714285714,0.6088093617303294,0.6857142857142857,0.0,0.0,0.0,0.6216486786835864,0.25,Core class-organized
Participation ratio,HUMEEmotionClassification,22,0.75,0.8826803184943108,0.819047619047619,0.0,0.3333333333333333,0.2,0.8458915918428339,0.0833333333333333,Core class-organized
Participation ratio,HUMEEmotionClassification,33,0.7999999999999999,0.6346393630113781,0.938095238095238,0.0,0.0,0.2,0.6895125025685537,0.0833333333333333,Core class-organized
Participation ratio,HUMEEmotionClassification,44,0.5,0.4514816029166624,0.3952380952380952,0.0,0.0,0.0,0.5419779419852447,0.25,Core class-organized
Spectral gap,HUMEEmotionClassification,11,0.7142857142857143,0.6813489362172157,0.8809523809523809,0.0,0.0,0.0,0.6544535173415958,0.1666666666666666,Core class-organized
Spectral gap,HUMEEmotionClassification,22,1.0,0.9413401592471556,0.9666666666666668,0.0,0.3333333333333333,0.2,0.888286617502036,0.0,Core class-organized
Spectral gap,HUMEEmotionClassification,33,0.6,0.5877114904091024,0.7333333333333333,0.0,0.0,0.2,0.6536052570339397,0.1666666666666666,Core class-organized
Spectral gap,HUMEEmotionClassification,44,0.3333333333333332,0.4514816029166624,0.1238095238095238,0.0,0.0,0.0,0.5174038381059967,0.3333333333333333,Core class-organized
Anisotropy,LegalBenchPC,11,0.8539038692449765,0.8239588505304591,0.8857142857142857,0.0,0.0,0.0,0.822965925882518,0.0391927565347101,Pairwise relational
Anisotropy,LegalBenchPC,22,0.8539038692449765,0.8239588505304591,0.8857142857142857,0.0,0.0,0.0,0.822965925882518,0.0391927565347101,Pairwise relational
Anisotropy,LegalBenchPC,33,0.8539038692449765,0.8239588505304591,0.8857142857142857,0.0,0.0,0.0,0.822965925882518,0.0391927565347101,Pairwise relational
Anisotropy,LegalBenchPC,44,0.8539038692449765,0.8239588505304591,0.8857142857142857,0.0,0.0,0.0,0.822965925882518,0.0391927565347101,Pairwise relational
Curvature,LegalBenchPC,11,0.2655051796222062,0.2996403758545284,0.2285714285714285,0.0,0.0,0.0,0.2849209288041742,0.197040650716088,Pairwise relational
Curvature,LegalBenchPC,22,0.2655051796222062,0.2996403758545284,0.2285714285714285,0.0,0.0,0.0,0.2849209288041742,0.197040650716088,Pairwise relational
Curvature,LegalBenchPC,33,0.2655051796222062,0.2996403758545284,0.2285714285714285,0.0,0.0,0.0,0.2849209288041742,0.197040650716088,Pairwise relational
Curvature,LegalBenchPC,44,0.2655051796222062,0.2996403758545284,0.2285714285714285,0.0,0.0,0.0,0.2849209288041742,0.197040650716088,Pairwise relational
DiME,LegalBenchPC,11,0.8175574806797479,0.8410359497968994,0.8380952380952381,0.0,0.0,0.0,0.840346740918568,0.0489432896295367,Pairwise relational
DiME,LegalBenchPC,22,0.8175574806797479,0.8410359497968994,0.8380952380952381,0.0,0.0,0.0,0.840346740918568,0.0489432896295367,Pairwise relational
DiME,LegalBenchPC,33,0.8175574806797479,0.8410359497968994,0.8380952380952381,0.0,0.0,0.0,0.840346740918568,0.0489432896295367,Pairwise relational
DiME,LegalBenchPC,44,0.8175574806797479,0.8410359497968994,0.8380952380952381,0.0,0.0,0.0,0.840346740918568,0.0489432896295367,Pairwise relational
Harmora,LegalBenchPC,11,0.8832891429788607,0.5371670015963739,0.9142857142857144,0.0,0.0,0.0,0.4971024401683882,0.031309660156962,Pairwise relational
Harmora,LegalBenchPC,22,0.8832891429788607,0.5371670015963739,0.9142857142857144,0.0,0.0,0.0,0.4971024401683882,0.031309660156962,Pairwise relational
Harmora,LegalBenchPC,33,0.8832891429788607,0.5371670015963739,0.9142857142857144,0.0,0.0,0.0,0.4971024401683882,0.031309660156962,Pairwise relational
Harmora,LegalBenchPC,44,0.8832891429788607,0.5371670015963739,0.9142857142857144,0.0,0.0,0.0,0.4971024401683882,0.031309660156962,Pairwise relational
InfoNCE,LegalBenchPC,11,0.6656700459501115,0.7907129362263612,0.7238095238095238,0.0,0.0,0.0,0.7879882904094153,0.0896896613457201,Pairwise relational
InfoNCE,LegalBenchPC,22,0.6656700459501115,0.7907129362263612,0.7238095238095238,0.0,0.0,0.0,0.7879882904094153,0.0896896613457201,Pairwise relational
InfoNCE,LegalBenchPC,33,0.6656700459501115,0.7907129362263612,0.7238095238095238,0.0,0.0,0.0,0.7879882904094153,0.0896896613457201,Pairwise relational
InfoNCE,LegalBenchPC,44,0.6656700459501115,0.7907129362263612,0.7238095238095238,0.0,0.0,0.0,0.7879882904094153,0.0896896613457201,Pairwise relational
LiDAR,LegalBenchPC,11,0.8539038692449765,0.7992249181899835,0.8857142857142857,0.0,0.0,0.0,0.7680379190168065,0.0391927565347101,Pairwise relational
LiDAR,LegalBenchPC,22,0.8539038692449765,0.7992249181899835,0.8857142857142857,0.0,0.0,0.0,0.7680379190168065,0.0391927565347101,Pairwise relational
LiDAR,LegalBenchPC,33,0.8539038692449765,0.7992249181899835,0.8857142857142857,0.0,0.0,0.0,0.7680379190168065,0.0391927565347101,Pairwise relational
LiDAR,LegalBenchPC,44,0.8539038692449765,0.7992249181899835,0.8857142857142857,0.0,0.0,0.0,0.7680379190168065,0.0391927565347101,Pairwise relational
Matrix entropy,LegalBenchPC,11,0.8539038692449765,0.8239588505304591,0.8857142857142857,0.0,0.0,0.0,0.8124885497252111,0.0391927565347101,Pairwise relational
Matrix entropy,LegalBenchPC,22,0.8539038692449765,0.8239588505304591,0.8857142857142857,0.0,0.0,0.0,0.8124885497252111,0.0391927565347101,Pairwise relational
Matrix entropy,LegalBenchPC,33,0.8539038692449765,0.8239588505304591,0.8857142857142857,0.0,0.0,0.0,0.8124885497252111,0.0391927565347101,Pairwise relational
Matrix entropy,LegalBenchPC,44,0.8539038692449765,0.8239588505304591,0.8857142857142857,0.0,0.0,0.0,0.8124885497252111,0.0391927565347101,Pairwise relational
Participation ratio,LegalBenchPC,11,0.8539038692449765,0.7992249181899835,0.8857142857142857,0.0,0.0,0.0,0.8073419394313134,0.0391927565347101,Pairwise relational
Participation ratio,LegalBenchPC,22,0.8539038692449765,0.7992249181899835,0.8857142857142857,0.0,0.0,0.0,0.8073419394313134,0.0391927565347101,Pairwise relational
Participation ratio,LegalBenchPC,33,0.8539038692449765,0.7992249181899835,0.8857142857142857,0.0,0.0,0.0,0.8073419394313134,0.0391927565347101,Pairwise relational
Participation ratio,LegalBenchPC,44,0.8539038692449765,0.7992249181899835,0.8857142857142857,0.0,0.0,0.0,0.8073419394313134,0.0391927565347101,Pairwise relational
Spectral gap,LegalBenchPC,11,0.8539038692449765,0.7522339976630114,0.8857142857142857,0.0,0.0,0.0,0.7629943913977898,0.0391927565347101,Pairwise relational
Spectral gap,LegalBenchPC,22,0.8539038692449765,0.7522339976630114,0.8857142857142857,0.0,0.0,0.0,0.7629943913977898,0.0391927565347101,Pairwise relational
Spectral gap,LegalBenchPC,33,0.8539038692449765,0.7522339976630114,0.8857142857142857,0.0,0.0,0.0,0.7629943913977898,0.0391927565347101,Pairwise relational
Spectral gap,LegalBenchPC,44,0.8539038692449765,0.7522339976630114,0.8857142857142857,0.0,0.0,0.0,0.7629943913977898,0.0391927565347101,Pairwise relational
Anisotropy,SICK-R,11,1.0,0.8503834610178433,1.0,1.0,0.3333333333333333,0.6,0.8906532979051464,0.0,Similarity-dominated
Anisotropy,SICK-R,22,1.0,0.8503834610178433,1.0,1.0,0.3333333333333333,0.6,0.8906532979051464,0.0,Similarity-dominated
Anisotropy,SICK-R,33,1.0,0.8503834610178433,1.0,1.0,0.3333333333333333,0.6,0.8906532979051464,0.0,Similarity-dominated
Anisotropy,SICK-R,44,1.0,0.8503834610178433,1.0,1.0,0.3333333333333333,0.6,0.8906532979051464,0.0,Similarity-dominated
Curvature,SICK-R,11,0.9685608088997204,0.9577364595515736,0.9809523809523808,0.0,0.6666666666666666,0.6,0.9567442646321268,0.0108728426748769,Similarity-dominated
Curvature,SICK-R,22,0.9685608088997204,0.9577364595515736,0.9809523809523808,0.0,0.6666666666666666,0.6,0.9567442646321268,0.0108728426748769,Similarity-dominated
Curvature,SICK-R,33,0.9685608088997204,0.9577364595515736,0.9809523809523808,0.0,0.6666666666666666,0.6,0.9567442646321268,0.0108728426748769,Similarity-dominated
Curvature,SICK-R,44,0.9685608088997204,0.9577364595515736,0.9809523809523808,0.0,0.6666666666666666,0.6,0.9567442646321268,0.0108728426748769,Similarity-dominated
DiME,SICK-R,11,0.9453184327993702,0.7933231951453785,0.961904761904762,0.0,0.0,0.2,0.7845602197992401,0.0189109215784776,Similarity-dominated
DiME,SICK-R,22,0.9453184327993702,0.7933231951453785,0.961904761904762,0.0,0.0,0.2,0.7845602197992401,0.0189109215784776,Similarity-dominated
DiME,SICK-R,33,0.9453184327993702,0.7933231951453785,0.961904761904762,0.0,0.0,0.2,0.7845602197992401,0.0189109215784776,Similarity-dominated
DiME,SICK-R,44,0.9453184327993702,0.7933231951453785,0.961904761904762,0.0,0.0,0.2,0.7845602197992401,0.0189109215784776,Similarity-dominated
Harmora,SICK-R,11,0.8919947426736289,0.9470777818302392,0.923809523809524,0.0,0.6666666666666666,0.6,0.9490059270315718,0.0373522387145256,Similarity-dominated
Harmora,SICK-R,22,0.8919947426736289,0.9470777818302392,0.923809523809524,0.0,0.6666666666666666,0.6,0.9490059270315718,0.0373522387145256,Similarity-dominated
Harmora,SICK-R,33,0.8919947426736289,0.9470777818302392,0.923809523809524,0.0,0.6666666666666666,0.6,0.9490059270315718,0.0373522387145256,Similarity-dominated
Harmora,SICK-R,44,0.8919947426736289,0.9470777818302392,0.923809523809524,0.0,0.6666666666666666,0.6,0.9490059270315718,0.0373522387145256,Similarity-dominated
InfoNCE,SICK-R,11,0.8767110976588934,0.8288596792175104,0.9142857142857144,0.0,0.3333333333333333,0.6,0.8749426197309674,0.0426378921276126,Similarity-dominated
InfoNCE,SICK-R,22,0.8767110976588934,0.8288596792175104,0.9142857142857144,0.0,0.3333333333333333,0.6,0.8749426197309674,0.0426378921276126,Similarity-dominated
InfoNCE,SICK-R,33,0.8767110976588934,0.8288596792175104,0.9142857142857144,0.0,0.3333333333333333,0.6,0.8749426197309674,0.0426378921276126,Similarity-dominated
InfoNCE,SICK-R,44,0.8767110976588934,0.8288596792175104,0.9142857142857144,0.0,0.3333333333333333,0.6,0.8749426197309674,0.0426378921276126,Similarity-dominated
LiDAR,SICK-R,11,0.4960025155254081,0.6164193728925416,0.4571428571428571,0.0,0.0,0.0,0.62887544805399,0.174301092535973,Similarity-dominated
LiDAR,SICK-R,22,0.4960025155254081,0.6164193728925416,0.4571428571428571,0.0,0.0,0.0,0.62887544805399,0.174301092535973,Similarity-dominated
LiDAR,SICK-R,33,0.4960025155254081,0.6164193728925416,0.4571428571428571,0.0,0.0,0.0,0.62887544805399,0.174301092535973,Similarity-dominated
LiDAR,SICK-R,44,0.4960025155254081,0.6164193728925416,0.4571428571428571,0.0,0.0,0.0,0.62887544805399,0.174301092535973,Similarity-dominated
Matrix entropy,SICK-R,11,0.8767110976588934,0.8288596792175104,0.9142857142857144,0.0,0.3333333333333333,0.6,0.8749426197309674,0.0426378921276126,Similarity-dominated
Matrix entropy,SICK-R,22,0.8767110976588934,0.8288596792175104,0.9142857142857144,0.0,0.3333333333333333,0.6,0.8749426197309674,0.0426378921276126,Similarity-dominated
Matrix entropy,SICK-R,33,0.8767110976588934,0.8288596792175104,0.9142857142857144,0.0,0.3333333333333333,0.6,0.8749426197309674,0.0426378921276126,Similarity-dominated
Matrix entropy,SICK-R,44,0.8767110976588934,0.8288596792175104,0.9142857142857144,0.0,0.3333333333333333,0.6,0.8749426197309674,0.0426378921276126,Similarity-dominated
Participation ratio,SICK-R,11,0.8767110976588934,0.6784433668735933,0.9142857142857144,0.0,0.0,0.2,0.7043182206554998,0.0426378921276126,Similarity-dominated
Participation ratio,SICK-R,22,0.8767110976588934,0.6784433668735933,0.9142857142857144,0.0,0.0,0.2,0.7043182206554998,0.0426378921276126,Similarity-dominated
Participation ratio,SICK-R,33,0.8767110976588934,0.6784433668735933,0.9142857142857144,0.0,0.0,0.2,0.7043182206554998,0.0426378921276126,Similarity-dominated
Participation ratio,SICK-R,44,0.8767110976588934,0.6784433668735933,0.9142857142857144,0.0,0.0,0.2,0.7043182206554998,0.0426378921276126,Similarity-dominated
Spectral gap,SICK-R,11,1.0,0.8263844629529186,1.0,1.0,0.3333333333333333,0.6,0.8809927286398407,0.0,Similarity-dominated
Spectral gap,SICK-R,22,1.0,0.8263844629529186,1.0,1.0,0.3333333333333333,0.6,0.8809927286398407,0.0,Similarity-dominated
Spectral gap,SICK-R,33,1.0,0.8263844629529186,1.0,1.0,0.3333333333333333,0.6,0.8809927286398407,0.0,Similarity-dominated
Spectral gap,SICK-R,44,1.0,0.8263844629529186,1.0,1.0,0.3333333333333333,0.6,0.8809927286398407,0.0,Similarity-dominated
Anisotropy,STS15,11,0.9371901962772224,0.9131390329856756,0.9428571428571428,0.0,0.0,0.2,0.8633827542811621,0.039619278684613,Similarity-dominated
Anisotropy,STS15,22,0.9371901962772224,0.9131390329856756,0.9428571428571428,0.0,0.0,0.2,0.8633827542811621,0.039619278684613,Similarity-dominated
Anisotropy,STS15,33,0.9371901962772224,0.9131390329856756,0.9428571428571428,0.0,0.0,0.2,0.8633827542811621,0.039619278684613,Similarity-dominated
Anisotropy,STS15,44,0.9371901962772224,0.9131390329856756,0.9428571428571428,0.0,0.0,0.2,0.8633827542811621,0.039619278684613,Similarity-dominated
Curvature,STS15,11,0.5766159279172003,0.7530882183847524,0.3428571428571428,0.0,0.0,0.0,0.6928378360319669,0.2670629511359491,Similarity-dominated
Curvature,STS15,22,0.5766159279172003,0.7530882183847524,0.3428571428571428,0.0,0.0,0.0,0.6928378360319669,0.2670629511359491,Similarity-dominated
Curvature,STS15,33,0.5766159279172003,0.7530882183847524,0.3428571428571428,0.0,0.0,0.0,0.6928378360319669,0.2670629511359491,Similarity-dominated
Curvature,STS15,44,0.5766159279172003,0.7530882183847524,0.3428571428571428,0.0,0.0,0.0,0.6928378360319669,0.2670629511359491,Similarity-dominated
DiME,STS15,11,0.9250197215142688,0.827486044630369,0.9142857142857144,0.0,0.0,0.0,0.80046558113119,0.0472961922041283,Similarity-dominated
DiME,STS15,22,0.9250197215142688,0.827486044630369,0.9142857142857144,0.0,0.0,0.0,0.80046558113119,0.0472961922041283,Similarity-dominated
DiME,STS15,33,0.9250197215142688,0.827486044630369,0.9142857142857144,0.0,0.0,0.0,0.80046558113119,0.0472961922041283,Similarity-dominated
DiME,STS15,44,0.9250197215142688,0.827486044630369,0.9142857142857144,0.0,0.0,0.0,0.80046558113119,0.0472961922041283,Similarity-dominated
Harmora,STS15,11,0.9467195241324006,0.6314878116589412,0.9523809523809524,0.0,0.0,0.4,0.7368870806558572,0.0336083524661883,Similarity-dominated
Harmora,STS15,22,0.9467195241324006,0.6314878116589412,0.9523809523809524,0.0,0.0,0.4,0.7368870806558572,0.0336083524661883,Similarity-dominated
Harmora,STS15,33,0.9467195241324006,0.6314878116589412,0.9523809523809524,0.0,0.0,0.4,0.7368870806558572,0.0336083524661883,Similarity-dominated
Harmora,STS15,44,0.9467195241324006,0.6314878116589412,0.9523809523809524,0.0,0.0,0.4,0.7368870806558572,0.0336083524661883,Similarity-dominated
InfoNCE,STS15,11,0.7938585086796303,0.8786495485069139,0.8571428571428571,0.0,0.0,0.2,0.8491932891066727,0.1300302931868847,Similarity-dominated
InfoNCE,STS15,22,0.7938585086796303,0.8786495485069139,0.8571428571428571,0.0,0.0,0.2,0.8491932891066727,0.1300302931868847,Similarity-dominated
InfoNCE,STS15,33,0.7938585086796303,0.8786495485069139,0.8571428571428571,0.0,0.0,0.2,0.8491932891066727,0.1300302931868847,Similarity-dominated
InfoNCE,STS15,44,0.7938585086796303,0.8786495485069139,0.8571428571428571,0.0,0.0,0.2,0.8491932891066727,0.1300302931868847,Similarity-dominated
LiDAR,STS15,11,0.7037769569808879,0.781840219843075,0.4666666666666667,0.0,0.0,0.0,0.7605224158892488,0.1868520931219254,Similarity-dominated
LiDAR,STS15,22,0.7037769569808879,0.781840219843075,0.4666666666666667,0.0,0.0,0.0,0.7605224158892488,0.1868520931219254,Similarity-dominated
LiDAR,STS15,33,0.7037769569808879,0.781840219843075,0.4666666666666667,0.0,0.0,0.0,0.7605224158892488,0.1868520931219254,Similarity-dominated
LiDAR,STS15,44,0.7037769569808879,0.781840219843075,0.4666666666666667,0.0,0.0,0.0,0.7605224158892488,0.1868520931219254,Similarity-dominated
Matrix entropy,STS15,11,0.9371901962772224,0.9131390329856756,0.9428571428571428,0.0,0.0,0.2,0.8722068032055373,0.039619278684613,Similarity-dominated
Matrix entropy,STS15,22,0.9371901962772224,0.9131390329856756,0.9428571428571428,0.0,0.0,0.2,0.8722068032055373,0.039619278684613,Similarity-dominated
Matrix entropy,STS15,33,0.9371901962772224,0.9131390329856756,0.9428571428571428,0.0,0.0,0.2,0.8722068032055373,0.039619278684613,Similarity-dominated
Matrix entropy,STS15,44,0.9371901962772224,0.9131390329856756,0.9428571428571428,0.0,0.0,0.2,0.8722068032055373,0.039619278684613,Similarity-dominated
Participation ratio,STS15,11,0.9371901962772224,0.8405764434457053,0.9428571428571428,0.0,0.0,0.2,0.849353100204849,0.039619278684613,Similarity-dominated
Participation ratio,STS15,22,0.9371901962772224,0.8405764434457053,0.9428571428571428,0.0,0.0,0.2,0.849353100204849,0.039619278684613,Similarity-dominated
Participation ratio,STS15,33,0.9371901962772224,0.8405764434457053,0.9428571428571428,0.0,0.0,0.2,0.849353100204849,0.039619278684613,Similarity-dominated
Participation ratio,STS15,44,0.9371901962772224,0.8405764434457053,0.9428571428571428,0.0,0.0,0.2,0.849353100204849,0.039619278684613,Similarity-dominated
Spectral gap,STS15,11,0.6399904703883565,0.7336513230783203,0.3904761904761905,0.0,0.0,0.2,0.754844779923449,0.227087445548371,Similarity-dominated
Spectral gap,STS15,22,0.6399904703883565,0.7336513230783203,0.3904761904761905,0.0,0.0,0.2,0.754844779923449,0.227087445548371,Similarity-dominated
Spectral gap,STS15,33,0.6399904703883565,0.7336513230783203,0.3904761904761905,0.0,0.0,0.2,0.754844779923449,0.227087445548371,Similarity-dominated
Spectral gap,STS15,44,0.6399904703883565,0.7336513230783203,0.3904761904761905,0.0,0.0,0.2,0.754844779923449,0.227087445548371,Similarity-dominated
Anisotropy,STS16,11,0.8630660668513416,0.8280031116091152,0.9333333333333332,0.0,0.0,0.0,0.802835181101824,0.0899436386044352,Similarity-dominated
Anisotropy,STS16,22,0.8630660668513416,0.8280031116091152,0.9333333333333332,0.0,0.0,0.0,0.802835181101824,0.0899436386044352,Similarity-dominated
Anisotropy,STS16,33,0.8630660668513416,0.8280031116091152,0.9333333333333332,0.0,0.0,0.0,0.802835181101824,0.0899436386044352,Similarity-dominated
Anisotropy,STS16,44,0.8630660668513416,0.8280031116091152,0.9333333333333332,0.0,0.0,0.0,0.802835181101824,0.0899436386044352,Similarity-dominated
Curvature,STS16,11,0.295684101374581,0.2907193665281095,0.0476190476190476,0.0,0.0,0.0,0.3490364628435373,0.4626226180222981,Similarity-dominated
Curvature,STS16,22,0.295684101374581,0.2907193665281095,0.0476190476190476,0.0,0.0,0.0,0.3490364628435373,0.4626226180222981,Similarity-dominated
Curvature,STS16,33,0.295684101374581,0.2907193665281095,0.0476190476190476,0.0,0.0,0.0,0.3490364628435373,0.4626226180222981,Similarity-dominated
Curvature,STS16,44,0.295684101374581,0.2907193665281095,0.0476190476190476,0.0,0.0,0.0,0.3490364628435373,0.4626226180222981,Similarity-dominated
DiME,STS16,11,0.7007238565522624,0.7087155295875263,0.7523809523809524,0.0,0.0,0.0,0.735981381320417,0.1965764414286536,Similarity-dominated
DiME,STS16,22,0.7007238565522624,0.7087155295875263,0.7523809523809524,0.0,0.0,0.0,0.735981381320417,0.1965764414286536,Similarity-dominated
DiME,STS16,33,0.7007238565522624,0.7087155295875263,0.7523809523809524,0.0,0.0,0.0,0.735981381320417,0.1965764414286536,Similarity-dominated
DiME,STS16,44,0.7007238565522624,0.7087155295875263,0.7523809523809524,0.0,0.0,0.0,0.735981381320417,0.1965764414286536,Similarity-dominated
Harmora,STS16,11,0.3708686768890485,0.5328570393799275,0.1142857142857142,0.0,0.0,0.4,0.61049386036106,0.41323840672268,Similarity-dominated
Harmora,STS16,22,0.3708686768890485,0.5328570393799275,0.1142857142857142,0.0,0.0,0.4,0.61049386036106,0.41323840672268,Similarity-dominated
Harmora,STS16,33,0.3708686768890485,0.5328570393799275,0.1142857142857142,0.0,0.0,0.4,0.61049386036106,0.41323840672268,Similarity-dominated
Harmora,STS16,44,0.3708686768890485,0.5328570393799275,0.1142857142857142,0.0,0.0,0.4,0.61049386036106,0.41323840672268,Similarity-dominated
InfoNCE,STS16,11,0.6829018175857183,0.7852190142610952,0.7047619047619048,0.0,0.0,0.0,0.7632440178763323,0.2082826635106613,Similarity-dominated
InfoNCE,STS16,22,0.6829018175857183,0.7852190142610952,0.7047619047619048,0.0,0.0,0.0,0.7632440178763323,0.2082826635106613,Similarity-dominated
InfoNCE,STS16,33,0.6829018175857183,0.7852190142610952,0.7047619047619048,0.0,0.0,0.0,0.7632440178763323,0.2082826635106613,Similarity-dominated
InfoNCE,STS16,44,0.6829018175857183,0.7852190142610952,0.7047619047619048,0.0,0.0,0.0,0.7632440178763323,0.2082826635106613,Similarity-dominated
LiDAR,STS16,11,0.5294593369029568,0.6372542662675421,0.2666666666666666,0.0,0.0,0.0,0.6462299189584338,0.3090697709262899,Similarity-dominated
LiDAR,STS16,22,0.5294593369029568,0.6372542662675421,0.2666666666666666,0.0,0.0,0.0,0.6462299189584338,0.3090697709262899,Similarity-dominated
LiDAR,STS16,33,0.5294593369029568,0.6372542662675421,0.2666666666666666,0.0,0.0,0.0,0.6462299189584338,0.3090697709262899,Similarity-dominated
LiDAR,STS16,44,0.5294593369029568,0.6372542662675421,0.2666666666666666,0.0,0.0,0.0,0.6462299189584338,0.3090697709262899,Similarity-dominated
Matrix entropy,STS16,11,0.8540532314119589,0.8264232675206113,0.9142857142857144,0.0,0.0,0.0,0.7934750323483557,0.0958636264038145,Similarity-dominated
Matrix entropy,STS16,22,0.8540532314119589,0.8264232675206113,0.9142857142857144,0.0,0.0,0.0,0.7934750323483557,0.0958636264038145,Similarity-dominated
Matrix entropy,STS16,33,0.8540532314119589,0.8264232675206113,0.9142857142857144,0.0,0.0,0.0,0.7934750323483557,0.0958636264038145,Similarity-dominated
Matrix entropy,STS16,44,0.8540532314119589,0.8264232675206113,0.9142857142857144,0.0,0.0,0.0,0.7934750323483557,0.0958636264038145,Similarity-dominated
Participation ratio,STS16,11,0.8540532314119589,0.8264232675206113,0.9142857142857144,0.0,0.0,0.2,0.8169978323735217,0.0958636264038145,Similarity-dominated
Participation ratio,STS16,22,0.8540532314119589,0.8264232675206113,0.9142857142857144,0.0,0.0,0.2,0.8169978323735217,0.0958636264038145,Similarity-dominated
Participation ratio,STS16,33,0.8540532314119589,0.8264232675206113,0.9142857142857144,0.0,0.0,0.2,0.8169978323735217,0.0958636264038145,Similarity-dominated
Participation ratio,STS16,44,0.8540532314119589,0.8264232675206113,0.9142857142857144,0.0,0.0,0.2,0.8169978323735217,0.0958636264038145,Similarity-dominated
Spectral gap,STS16,11,0.8540532314119589,0.9017254407352918,0.9142857142857144,0.0,0.3333333333333333,0.6,0.93573481261487,0.0958636264038145,Similarity-dominated
Spectral gap,STS16,22,0.8540532314119589,0.9017254407352918,0.9142857142857144,0.0,0.3333333333333333,0.6,0.93573481261487,0.0958636264038145,Similarity-dominated
Spectral gap,STS16,33,0.8540532314119589,0.9017254407352918,0.9142857142857144,0.0,0.3333333333333333,0.6,0.93573481261487,0.0958636264038145,Similarity-dominated
Spectral gap,STS16,44,0.8540532314119589,0.9017254407352918,0.9142857142857144,0.0,0.3333333333333333,0.6,0.93573481261487,0.0958636264038145,Similarity-dominated
Anisotropy,STSBenchmark,11,0.9451533641444096,0.8974795359549049,0.9523809523809524,0.0,0.0,0.0,0.8912479788753851,0.0433254276636435,Similarity-dominated
Anisotropy,STSBenchmark,22,0.9451533641444096,0.8974795359549049,0.9523809523809524,0.0,0.0,0.0,0.8912479788753851,0.0433254276636435,Similarity-dominated
Anisotropy,STSBenchmark,33,0.9451533641444096,0.8974795359549049,0.9523809523809524,0.0,0.0,0.0,0.8912479788753851,0.0433254276636435,Similarity-dominated
Anisotropy,STSBenchmark,44,0.9451533641444096,0.8974795359549049,0.9523809523809524,0.0,0.0,0.0,0.8912479788753851,0.0433254276636435,Similarity-dominated
Curvature,STSBenchmark,11,0.8943652949090778,0.8787361710204761,0.9047619047619048,0.0,0.0,0.2,0.9073643012714692,0.0834448403770344,Similarity-dominated
Curvature,STSBenchmark,22,0.8943652949090778,0.8787361710204761,0.9047619047619048,0.0,0.0,0.2,0.9073643012714692,0.0834448403770344,Similarity-dominated
Curvature,STSBenchmark,33,0.8943652949090778,0.8787361710204761,0.9047619047619048,0.0,0.0,0.2,0.9073643012714692,0.0834448403770344,Similarity-dominated
Curvature,STSBenchmark,44,0.8943652949090778,0.8787361710204761,0.9047619047619048,0.0,0.0,0.2,0.9073643012714692,0.0834448403770344,Similarity-dominated
DiME,STSBenchmark,11,0.7236000645317874,0.7642145751550647,0.8,0.0,0.0,0.0,0.7290703614169991,0.2183387408098105,Similarity-dominated
DiME,STSBenchmark,22,0.7236000645317874,0.7642145751550647,0.8,0.0,0.0,0.0,0.7290703614169991,0.2183387408098105,Similarity-dominated
DiME,STSBenchmark,33,0.7236000645317874,0.7642145751550647,0.8,0.0,0.0,0.0,0.7290703614169991,0.2183387408098105,Similarity-dominated
DiME,STSBenchmark,44,0.7236000645317874,0.7642145751550647,0.8,0.0,0.0,0.0,0.7290703614169991,0.2183387408098105,Similarity-dominated
Harmora,STSBenchmark,11,0.9522578673898972,0.7054084250747794,0.961904761904762,0.0,0.0,0.4,0.6877344228049714,0.0377133124145162,Similarity-dominated
Harmora,STSBenchmark,22,0.9522578673898972,0.7054084250747794,0.961904761904762,0.0,0.0,0.4,0.6877344228049714,0.0377133124145162,Similarity-dominated
Harmora,STSBenchmark,33,0.9522578673898972,0.7054084250747794,0.961904761904762,0.0,0.0,0.4,0.6877344228049714,0.0377133124145162,Similarity-dominated
Harmora,STSBenchmark,44,0.9522578673898972,0.7054084250747794,0.961904761904762,0.0,0.0,0.4,0.6877344228049714,0.0377133124145162,Similarity-dominated
InfoNCE,STSBenchmark,11,0.9448620984379488,0.8974289583814592,0.9428571428571428,0.0,0.0,0.2,0.918554811044886,0.0435555094380187,Similarity-dominated
InfoNCE,STSBenchmark,22,0.9448620984379488,0.8974289583814592,0.9428571428571428,0.0,0.0,0.2,0.918554811044886,0.0435555094380187,Similarity-dominated
InfoNCE,STSBenchmark,33,0.9448620984379488,0.8974289583814592,0.9428571428571428,0.0,0.0,0.2,0.918554811044886,0.0435555094380187,Similarity-dominated
InfoNCE,STSBenchmark,44,0.9448620984379488,0.8974289583814592,0.9428571428571428,0.0,0.0,0.2,0.918554811044886,0.0435555094380187,Similarity-dominated
LiDAR,STSBenchmark,11,0.9448620984379488,0.7651692159940899,0.9428571428571428,0.0,0.0,0.0,0.7185402410022282,0.0435555094380187,Similarity-dominated
LiDAR,STSBenchmark,22,0.9448620984379488,0.7651692159940899,0.9428571428571428,0.0,0.0,0.0,0.7185402410022282,0.0435555094380187,Similarity-dominated
LiDAR,STSBenchmark,33,0.9448620984379488,0.7651692159940899,0.9428571428571428,0.0,0.0,0.0,0.7185402410022282,0.0435555094380187,Similarity-dominated
LiDAR,STSBenchmark,44,0.9448620984379488,0.7651692159940899,0.9428571428571428,0.0,0.0,0.0,0.7185402410022282,0.0435555094380187,Similarity-dominated
Matrix entropy,STSBenchmark,11,0.9448620984379488,0.8974289583814592,0.9428571428571428,0.0,0.0,0.2,0.9171471774779976,0.0435555094380187,Similarity-dominated
Matrix entropy,STSBenchmark,22,0.9448620984379488,0.8974289583814592,0.9428571428571428,0.0,0.0,0.2,0.9171471774779976,0.0435555094380187,Similarity-dominated
Matrix entropy,STSBenchmark,33,0.9448620984379488,0.8974289583814592,0.9428571428571428,0.0,0.0,0.2,0.9171471774779976,0.0435555094380187,Similarity-dominated
Matrix entropy,STSBenchmark,44,0.9448620984379488,0.8974289583814592,0.9428571428571428,0.0,0.0,0.2,0.9171471774779976,0.0435555094380187,Similarity-dominated
Participation ratio,STSBenchmark,11,0.9448620984379488,0.8974289583814592,0.9428571428571428,0.0,0.0,0.2,0.872500195818519,0.0435555094380187,Similarity-dominated
Participation ratio,STSBenchmark,22,0.9448620984379488,0.8974289583814592,0.9428571428571428,0.0,0.0,0.2,0.872500195818519,0.0435555094380187,Similarity-dominated
Participation ratio,STSBenchmark,33,0.9448620984379488,0.8974289583814592,0.9428571428571428,0.0,0.0,0.2,0.872500195818519,0.0435555094380187,Similarity-dominated
Participation ratio,STSBenchmark,44,0.9448620984379488,0.8974289583814592,0.9428571428571428,0.0,0.0,0.2,0.872500195818519,0.0435555094380187,Similarity-dominated
Spectral gap,STSBenchmark,11,0.9451533641444096,0.9603825814208532,0.9523809523809524,0.0,0.3333333333333333,0.6,0.9761312835539664,0.0433254276636435,Similarity-dominated
Spectral gap,STSBenchmark,22,0.9451533641444096,0.9603825814208532,0.9523809523809524,0.0,0.3333333333333333,0.6,0.9761312835539664,0.0433254276636435,Similarity-dominated
Spectral gap,STSBenchmark,33,0.9451533641444096,0.9603825814208532,0.9523809523809524,0.0,0.3333333333333333,0.6,0.9761312835539664,0.0433254276636435,Similarity-dominated
Spectral gap,STSBenchmark,44,0.9451533641444096,0.9603825814208532,0.9523809523809524,0.0,0.3333333333333333,0.6,0.9761312835539664,0.0433254276636435,Similarity-dominated
