metric,family,ndcg_at_1_mean,ndcg_at_1_variance,ndcg_at_3_mean,ndcg_at_3_variance,selected_percentile_mean,selected_percentile_variance,top1_overlap_mean,top1_overlap_variance,top3_overlap_mean,top3_overlap_variance,top5_overlap_mean,top5_overlap_variance,ndcg_at_5_mean,ndcg_at_5_variance,regret_at_1_mean,regret_at_1_variance,n_seeds,n_tasks
Anisotropy,Cluster-organized,0.7301161246294113,0.0020957042549020377,0.7519424902428358,0.0003308710891929624,0.676984126984127,0.001205173427395651,0.0,0.0,0.19444444444444442,0.011316872427983538,0.31666666666666665,0.004074074074074073,0.7189118569224128,0.0002480066789733658,0.048375575963803735,3.0336813383849683e-05,4,3
Curvature,Cluster-organized,0.3327771149476565,0.0005259161065132356,0.41571409122833947,0.00030029267605494967,0.1547619047619047,0.0010103300579491058,0.0,0.0,0.05555555555555555,0.004115226337448559,0.05,0.0011111111111111113,0.40274240689308294,0.00033048148939013636,0.13732999147294417,8.419867656431535e-06,4,3
DiME,Cluster-organized,0.43273629539512903,0.000326002866894833,0.5317247621106462,0.0002574211083770181,0.26666666666666666,0.00245233896027547,0.0,0.0,0.0,0.0,0.0,0.0,0.5550986723568543,0.00034756368930838403,0.11077932742655724,4.251211431579466e-06,4,3
Harmora,Cluster-organized,0.9456861628754161,0.0010008826852771638,0.940367754491705,0.00017018124520057465,0.9801587301587302,0.0001503317376333247,0.41666666666666663,0.027777777777777776,0.41666666666666663,0.019547325102880653,0.44999999999999996,0.007037037037037036,0.8154609420695421,6.637420565531039e-05,0.011631282089094166,5.8477193333540776e-05,4,3
InfoNCE,Cluster-organized,0.7301161246294113,0.0020957042549020377,0.7336285060000791,0.00033073639400874093,0.676984126984127,0.001205173427395651,0.0,0.0,0.19444444444444442,0.011316872427983538,0.2833333333333333,0.0011111111111111107,0.6800165566792347,0.00029876652166763585,0.048375575963803735,3.0336813383849683e-05,4,3
LiDAR,Cluster-organized,0.23640052611722645,0.0004787344764094475,0.3626817052988279,0.0011455981071975862,0.07380952380952377,4.9550684471319363e-05,0.0,0.0,0.0,0.0,0.06666666666666667,0.0,0.46977779736551384,0.0010435077320171769,0.14736279268730837,2.2806223603243504e-05,4,3
Matrix entropy,Cluster-organized,0.7310553913795852,0.0022780850001703438,0.7337589279469496,0.00034918502355565424,0.6769841269841269,0.000916267741664564,0.0,0.0,0.19444444444444442,0.011316872427983538,0.2833333333333333,0.0011111111111111107,0.6801117830136489,0.00028844002016879393,0.04824521411969321,6.112854805890985e-05,4,3
Participation ratio,Cluster-organized,0.5073633464047154,0.0004930474795319279,0.6511078926431448,0.0001557813404131985,0.5896825396825397,0.0004325186864869393,0.0,0.0,0.0,0.0,0.05,0.0011111111111111111,0.6891894388749558,0.00030173832499603856,0.09282351325163604,7.15526682322477e-05,4,3
Spectral gap,Cluster-organized,0.5073633464047154,0.0004930474795319279,0.6462466248828156,0.0002525743896145197,0.5896825396825397,0.0004325186864869393,0.0,0.0,0.0,0.0,0.05,0.0011111111111111111,0.6862080245199547,0.00021009062983814463,0.09282351325163604,7.15526682322477e-05,4,3
Anisotropy,Core class-organized,0.648011650279092,0.01327142454019075,0.6562600509612626,0.005248349683304072,0.6170634920634921,0.025026245065927617,0.0,0.0,0.0,0.0,0.05,0.0011111111111111113,0.6567197248429714,0.0032632094355619,0.1487051891463656,0.002754353256087173,4,3
Curvature,Core class-organized,0.6741761148904005,0.0077672214195159866,0.6928366152871768,0.001861592266864844,0.6698412698412698,0.013308138070042838,0.16666666666666666,0.037037037037037035,0.2222222222222222,0.0,0.19999999999999998,0.002962962962962963,0.6847171041246084,0.0010309098645052224,0.1338436889907478,0.0015893598295426605,4,3
DiME,Core class-organized,0.44421011451327064,0.009522797377425127,0.5019337893746112,0.006399549079829537,0.34404761904761905,0.008694675401024615,0.0,0.0,0.0,0.0,0.0,0.0,0.5122002237728688,0.008285329150939357,0.2271436352318705,0.0014556606901469707,4,3
Harmora,Core class-organized,0.7978250188964474,0.007572075511708558,0.8583712707197674,0.002930842548282141,0.8321428571428572,0.011850802049214765,0.16666666666666666,0.037037037037037035,0.41666666666666663,0.011316872427983534,0.3166666666666667,0.007037037037037039,0.8048924191938035,0.0010319667779691774,0.08550490903432079,0.0017224422927385405,4,3
InfoNCE,Core class-organized,0.6480226265982081,0.010244052441645042,0.649463354296274,0.003794344476467166,0.6603174603174603,0.024904677920550945,0.0,0.0,0.0,0.0,0.05,0.0011111111111111113,0.650891189962421,0.0029680356378027676,0.1574657640834111,0.0018990003216970378,4,3
LiDAR,Core class-organized,0.5636474278459328,0.011042333233004992,0.6414992187748785,0.011299936824091398,0.569047619047619,0.017026119089611155,0.0,0.0,0.05555555555555555,0.012345679012345678,0.05,0.004074074074074075,0.6458226979800912,0.008742393847492024,0.1863540870893812,0.001212569474788455,4,3
Matrix entropy,Core class-organized,0.6826015973690392,0.01719941115939696,0.6584623584329861,0.005778959658500049,0.6853174603174603,0.0293682287729907,0.0,0.0,0.0,0.0,0.05,0.0011111111111111113,0.6476325072499118,0.004027948797195161,0.1367226183402654,0.0034138565107461397,4,3
Participation ratio,Core class-organized,0.6577448488204303,0.002340437418520969,0.639972305972177,0.003221525036342935,0.6876984126984127,0.01190959099689258,0.0,0.0,0.027777777777777776,0.0030864197530864196,0.06666666666666668,0.008888888888888892,0.686562720222224,0.0014681599506990144,0.15052131963896664,0.0007068310671639491,4,3
Spectral gap,Core class-organized,0.6253374414130228,0.008701292690485312,0.6676225939914775,0.004100365111713644,0.6083333333333334,0.028871042244058117,0.0,0.0,0.027777777777777776,0.0030864197530864196,0.06666666666666668,0.008888888888888892,0.6884156486621648,0.0024784307514042064,0.16250389044506688,0.0016514486976716236,4,3
Anisotropy,Pairwise relational,0.8539038692449765,0.0,0.8239588505304591,0.0,0.8857142857142857,0.0,0.0,0.0,0.0,0.0,0.0,0.0,0.822965925882518,0.0,0.0391927565347101,0.0,4,1
Curvature,Pairwise relational,0.2655051796222062,0.0,0.2996403758545284,0.0,0.2285714285714285,0.0,0.0,0.0,0.0,0.0,0.0,0.0,0.2849209288041742,0.0,0.197040650716088,0.0,4,1
DiME,Pairwise relational,0.8175574806797479,0.0,0.8410359497968994,0.0,0.8380952380952381,0.0,0.0,0.0,0.0,0.0,0.0,0.0,0.840346740918568,0.0,0.0489432896295367,0.0,4,1
Harmora,Pairwise relational,0.8832891429788607,0.0,0.5371670015963739,0.0,0.9142857142857144,0.0,0.0,0.0,0.0,0.0,0.0,0.0,0.4971024401683882,0.0,0.031309660156962,0.0,4,1
InfoNCE,Pairwise relational,0.6656700459501115,0.0,0.7907129362263612,0.0,0.7238095238095238,0.0,0.0,0.0,0.0,0.0,0.0,0.0,0.7879882904094153,0.0,0.0896896613457201,0.0,4,1
LiDAR,Pairwise relational,0.8539038692449765,0.0,0.7992249181899835,0.0,0.8857142857142857,0.0,0.0,0.0,0.0,0.0,0.0,0.0,0.7680379190168065,0.0,0.0391927565347101,0.0,4,1
Matrix entropy,Pairwise relational,0.8539038692449765,0.0,0.8239588505304591,0.0,0.8857142857142857,0.0,0.0,0.0,0.0,0.0,0.0,0.0,0.8124885497252111,0.0,0.0391927565347101,0.0,4,1
Participation ratio,Pairwise relational,0.8539038692449765,0.0,0.7992249181899835,0.0,0.8857142857142857,0.0,0.0,0.0,0.0,0.0,0.0,0.0,0.8073419394313134,0.0,0.0391927565347101,0.0,4,1
Spectral gap,Pairwise relational,0.8539038692449765,0.0,0.7522339976630114,0.0,0.8857142857142857,0.0,0.0,0.0,0.0,0.0,0.0,0.0,0.7629943913977898,0.0,0.0391927565347101,0.0,4,1
Anisotropy,Similarity-dominated,0.9363524068182434,0.0,0.8722512853918848,0.0,0.9571428571428571,0.0,0.25,0.0,0.08333333333333333,0.0,0.2,0.0,0.8620298030408794,0.0,0.043222086238172926,0.0,4,4
Curvature,Similarity-dominated,0.6838065332751448,0.0,0.7200700538712279,0.0,0.569047619047619,0.0,0.0,0.0,0.16666666666666666,0.0,0.2,0.0,0.726495716194775,0.0,0.20600081305253962,0.0,4,4
DiME,Similarity-dominated,0.8236655188494222,0.0,0.7734348361295846,0.0,0.8571428571428572,0.0,0.0,0.0,0.0,0.0,0.05,0.0,0.7625193859169616,0.0,0.12028057400526751,0.0,4,4
Harmora,Similarity-dominated,0.7904602027712437,0.0,0.7042077644859718,0.0,0.7380952380952381,0.0,0.0,0.0,0.16666666666666666,0.0,0.45,0.0,0.7460303227133651,0.0,0.13047807757947752,0.0,4,4
InfoNCE,Similarity-dominated,0.8245833805905477,0.0,0.8475393000917446,0.0,0.8547619047619048,0.0,0.0,0.0,0.08333333333333333,0.0,0.25,0.0,0.8514836844397147,0.0,0.10612658956579432,0.0,4,4
LiDAR,Similarity-dominated,0.6685252269618004,0.0,0.7001707687493122,0.0,0.5333333333333333,0.0,0.0,0.0,0.0,0.0,0.0,0.0,0.6885420059759753,0.0,0.17844461650555174,0.0,4,4
Matrix entropy,Similarity-dominated,0.9032041559465058,0.0,0.8664627345263141,0.0,0.9285714285714286,0.0,0.0,0.0,0.08333333333333333,0.0,0.25,0.0,0.8644429081907146,0.0,0.0554190766635147,0.0,4,4
Participation ratio,Similarity-dominated,0.9032041559465058,0.0,0.8107180090553423,0.0,0.9285714285714286,0.0,0.0,0.0,0.0,0.0,0.2,0.0,0.8107923372630974,0.0,0.0554190766635147,0.0,4,4
Spectral gap,Similarity-dominated,0.8597992664861813,0.0,0.855535952046846,0.0,0.8142857142857143,0.0,0.25,0.0,0.25,0.0,0.5,0.0,0.8869259011830315,0.0,0.09156912490395724,0.0,4,4
