metric,family,pearson_mean,pearson_variance,spearman_mean,spearman_variance,kendall_mean,kendall_variance,distance_mean,distance_variance,n_seeds,n_tasks,family_mean,family_variance,family_q1,family_median,family_q3,family_min,family_max,n_model_task_cases
Anisotropy,Cluster-organized,0.20292670476381514,0.00023377787558052424,0.1375340136054422,0.0004718203920360969,0.10027142629627103,0.0002204971172846662,0.6517133145621417,0.00036367035561130816,4,3,0.1375340136054422,0.0004718203920360969,-0.19642857142857145,0.07692307692307687,0.44580419580419584,-0.7472527472527473,0.9230769230769232,21
Curvature,Cluster-organized,-0.10122958264907449,0.00022263766232591918,-0.07953418217393372,0.00019304374509792883,-0.06232951313696655,6.488846696192908e-05,0.5371987265314286,0.00010905281935653196,4,3,-0.07953418217393372,0.00019304374509792883,-0.3741258741258741,-0.0982142857142857,0.04673076923076923,-0.6884782608695652,0.7225274725274725,21
DiME,Cluster-organized,0.12673036486851413,7.671002125817549e-05,0.1548823846960493,0.00016694128027197564,0.12586566642467262,7.840019551581175e-05,0.6611984087841813,0.0002698181067046203,4,3,0.1548823846960493,0.00016694128027197564,-0.17365384615384608,0.10139860139860138,0.5716783216783217,-0.853021978021978,0.8706293706293707,21
Harmora,Cluster-organized,0.5727335281481781,2.9674440455883193e-05,0.4626411735262667,8.977816877550229e-05,0.3689728422026558,0.00016832903837056028,0.6908434173008814,4.474433181281969e-05,4,3,0.4626411735262667,8.977816877550229e-05,0.2589285714285715,0.5892857142857144,0.7046703296703297,-0.4769565217391304,0.8763736263736264,21
InfoNCE,Cluster-organized,0.19857416846125303,0.00022789100284602062,0.13016703793101309,0.0004651327762347831,0.09630051797753661,0.0002218388396333799,0.6577695732178832,0.00037906559809688543,4,3,0.13016703793101309,0.0004651327762347831,-0.19653846153846152,0.07692307692307687,0.49475524475524474,-0.7472527472527473,0.9230769230769232,21
LiDAR,Cluster-organized,-0.017423905764448612,0.00025142762401711313,-0.0036023241768583184,0.00018914306280823435,-0.00933126914493373,5.41495376920033e-05,0.606771165045664,0.0001913403913050109,4,3,-0.0036023241768583184,0.00018914306280823435,-0.3839285714285715,-0.1703296703296703,0.5157342657342658,-0.9375000000000001,0.9230769230769232,21
Matrix entropy,Cluster-organized,0.19068537554741802,0.0002357034680404022,0.11669726236496425,0.0004443087036224303,0.08224510479168864,0.00023303727984990484,0.655913156085172,0.00037132975393438524,4,3,0.11669726236496425,0.0004443087036224303,-0.21269230769230763,0.0664335664335664,0.49475524475524474,-0.7596153846153846,0.9230769230769232,21
Participation ratio,Cluster-organized,0.2939363206430472,9.6572039999835e-05,0.11014858330075722,1.2948791337709879e-05,0.05930652508292259,7.721617473808098e-05,0.689879578987862,0.00020753842363958265,4,3,0.11014858330075722,1.2948791337709879e-05,-0.3871153846153846,0.16978260869565212,0.5244755244755246,-0.8125000000000002,0.9020979020979022,21
Spectral gap,Cluster-organized,0.2952562273775579,0.0001030606707082388,0.18634572466870605,8.779717647871973e-05,0.12203178464048027,0.00014459946894818156,0.6575592145045042,9.256188721595008e-05,4,3,0.18634572466870605,8.779717647871973e-05,-0.1640384615384615,0.13434782608695645,0.6147826086956522,-0.8125000000000002,0.7430069930069931,21
Anisotropy,Core class-organized,0.3714473180131453,0.00037417793020626163,0.3020342865196519,0.001002373948141234,0.23773996200450698,0.00043353337203739096,0.6023420503796756,6.519734571379022e-05,4,3,0.3020342865196519,0.001002373948141234,0.05987292701941953,0.2740586973366881,0.45798129872297305,-0.18225110060139477,0.8673143041258964,21
Curvature,Core class-organized,0.16412359263968646,0.0042277211003826625,0.12289653190951563,0.005855143625696755,0.11644484810094291,0.003975497766106891,0.6133373370313001,0.00013189809063724408,4,3,0.12289653190951563,0.005855143625696755,-0.19369138515676915,0.02998190195940322,0.6953444296611477,-0.6725107584178502,0.836253471578901,21
DiME,Core class-organized,0.18515067979339483,0.0004092379202520536,0.20156155844069396,0.00031822456890828196,0.16246977659371567,4.672640364540343e-05,0.5967846455293554,0.00040453809732667956,4,3,0.20156155844069396,0.00031822456890828196,-0.11883777906182083,0.12894535423031372,0.4875503667456801,-0.5338933932706846,0.8751952268947027,21
Harmora,Core class-organized,0.3514719735009735,0.01240996410264592,0.3152214620026198,0.016176929692998117,0.2385718800123588,0.009813165013795254,0.5698355118267686,0.0006417460943405814,4,3,0.3152214620026198,0.016176929692998117,0.12033489385848731,0.282146596830158,0.4807362888971901,-0.1845507972224515,0.7253467929138071,21
InfoNCE,Core class-organized,0.3488772297941699,0.00047835501568611,0.2886363647260839,0.0014722886363822674,0.22574506472695252,0.0008342279495513672,0.5934988819948764,9.287801874434763e-05,4,3,0.2886363647260839,0.0014722886363822674,0.057692161615422406,0.21294706489049847,0.48746337930092615,-0.25915981155577233,0.8673143041258964,21
LiDAR,Core class-organized,0.19312290432923576,0.002742446666838255,0.2310313240858396,0.009317553342841923,0.19180773458976336,0.004442138468512806,0.5295619254384076,0.0005211471014714574,4,3,0.2310313240858396,0.009317553342841923,0.05678540882203481,0.295682567079554,0.4534014738161324,-0.5704320295637418,0.8795781382123831,21
Matrix entropy,Core class-organized,0.35824378861676437,0.00019401373731317597,0.29374839237328143,0.0010913323086888587,0.2276754446962583,0.0007392433854950401,0.600448232102677,9.882241830524081e-05,4,3,0.29374839237328143,0.0010913323086888587,0.047008616847631565,0.24284909893588016,0.48746337930092615,-0.22575083650944558,0.8673143041258964,21
Participation ratio,Core class-organized,0.3438314094248821,0.0004132677406343676,0.27449966203524057,0.00012315898032845104,0.21315160605976213,0.00021821863869547493,0.6098642227643407,0.00011972567672908282,4,3,0.27449966203524057,0.00012315898032845104,0.06381759839003018,0.35149484345875187,0.5547395841000459,-0.49523563728191866,0.7982576658114131,21
Spectral gap,Core class-organized,0.33705111199668336,0.002813931899937857,0.32400206493022243,0.003208347365868665,0.2509640103486365,0.002501130508019787,0.5915967176004643,0.00017226220640935853,4,3,0.32400206493022243,0.003208347365868665,0.20907956028461971,0.40084412318371454,0.4867932319170767,-0.2754122973581486,0.7967339849999566,21
Anisotropy,Pairwise relational,0.1885120633663486,0.0,0.099360080912876,0.0,0.08372679080753617,0.0,0.6008041795329443,0.0,4,1,0.099360080912876,0.0,-0.32307692307692304,0.0921739130434782,0.5313436563436564,-0.5824175824175823,0.7692307692307694,7
Curvature,Pairwise relational,-0.31643262351556667,0.0,-0.23952898033643383,0.0,-0.1450870040932153,0.0,0.5376232484737734,0.0,4,1,-0.23952898033643383,0.0,-0.5874125874125875,-0.5357142857142858,0.2226373626373626,-0.6923076923076924,0.2808695652173912,7
DiME,Pairwise relational,0.10265414689568393,0.0,-0.04589987652099449,0.0,-0.030855231724796896,0.0,0.5970274629280766,0.0,4,1,-0.04589987652099449,0.0,-0.4044505494505495,-0.2912087912087912,0.3117330495591366,-0.5439560439560439,0.6993006993006995,7
Harmora,Pairwise relational,0.6084756492222362,0.0,0.49216398508323983,0.0,0.3561546941671165,0.0,0.6568440397443368,0.0,4,1,0.49216398508323983,0.0,0.33708791208791206,0.6363636363636365,0.7351398601398602,-0.0939130434782608,0.7582417582417583,7
InfoNCE,Pairwise relational,0.19083094665794217,0.0,0.10399389430445337,0.0,0.07481135841384291,0.0,0.6100484790339279,0.0,4,1,0.10399389430445337,0.0,-0.3312637362637363,0.1904347826086956,0.5313436563436564,-0.6318681318681317,0.7692307692307694,7
LiDAR,Pairwise relational,0.4093337821092506,0.0,0.4315069402647043,0.0,0.3214367413125177,0.0,0.5650787635095419,0.0,4,1,0.4315069402647043,0.0,0.22880076445293834,0.3946153846153846,0.6346153846153847,0.0879120879120879,0.8111888111888113,7
Matrix entropy,Pairwise relational,0.23195407257846462,0.0,0.14005596887584468,0.0,0.11262687622936071,0.0,0.6000672772219006,0.0,4,1,0.14005596887584468,0.0,-0.2462087912087912,0.1843478260869565,0.541833166833167,-0.5714285714285714,0.7762237762237763,7
Participation ratio,Pairwise relational,0.5249306467861371,0.0,0.47848189078002745,0.0,0.34139227232394925,0.0,0.6431634864355547,0.0,4,1,0.47848189078002745,0.0,0.3708741258741258,0.467032967032967,0.6547202797202799,0.0659340659340659,0.7652173913043477,7
Spectral gap,Pairwise relational,0.5172997214272997,0.0,0.47960344003822264,0.0,0.331625724172308,0.0,0.6215603835384493,0.0,4,1,0.47960344003822264,0.0,0.341013986013986,0.4125874125874127,0.6258098423315813,0.1538461538461538,0.8571428571428573,7
Anisotropy,Similarity-dominated,0.5062963995187574,0.0,0.27185384491285114,0.0,0.2166317223149521,0.0,0.6757389374528797,0.0,4,4,0.27185384491285114,0.0,0.05750358337314855,0.33928571428571436,0.5052447552447553,-0.39010989010989,0.9510489510489512,28
Curvature,Similarity-dominated,0.2891598032791076,0.0,0.10401361061298947,0.0,0.0657262613163234,0.0,0.6624211338957833,0.0,4,4,0.10401361061298947,0.0,-0.155506993006993,0.23351648351648352,0.46840659340659335,-0.9642857142857144,0.7902097902097903,28
DiME,Similarity-dominated,0.01030974947778206,0.0,0.05178225501206869,0.0,0.04369338735798364,0.0,0.6368904344734183,0.0,4,4,0.05178225501206869,0.0,-0.2479395604395604,-0.0612279025322503,0.34965034965034963,-0.6593406593406593,0.8881118881118882,28
Harmora,Similarity-dominated,0.5053136814331158,0.0,0.482625992020402,0.0,0.3924206435386559,0.0,0.638192144486815,0.0,4,4,0.482625992020402,0.0,0.2204813664596273,0.62010989010989,0.7774725274725276,-0.24,0.9446153846153846,28
InfoNCE,Similarity-dominated,0.47554673065504227,0.0,0.2628036714837957,0.0,0.20520747368573455,0.0,0.6681832492865509,0.0,4,4,0.2628036714837957,0.0,0.044010989010988925,0.32499999999999996,0.5460789210789211,-0.456043956043956,0.9510489510489512,28
LiDAR,Similarity-dominated,0.21506499364721665,0.0,0.08051833259907798,0.0,0.059788182831661096,0.0,0.5936458220520984,0.0,4,4,0.08051833259907798,0.0,-0.44230769230769235,0.23757763975155274,0.583916083916084,-0.7861538461538461,0.8601398601398602,28
Matrix entropy,Similarity-dominated,0.5111416797955022,0.0,0.27893153430420514,0.0,0.2204929128842172,0.0,0.6643786956066986,0.0,4,4,0.27893153430420514,0.0,0.0425836120401337,0.306438127090301,0.5297202797202798,-0.3956043956043956,0.9440559440559444,28
Participation ratio,Similarity-dominated,0.4686018087766654,0.0,0.20680704388778925,0.0,0.13097011683968207,0.0,0.6727993379229017,0.0,4,4,0.20680704388778925,0.0,-0.2554945054945054,0.28321678321678323,0.6828171828171827,-0.6153846153846153,0.8741258741258742,28
Spectral gap,Similarity-dominated,0.43981966347988666,0.0,0.2424867989153704,0.0,0.1530436747517493,0.0,0.6393314473828913,0.0,4,4,0.2424867989153704,0.0,-0.17307692307692304,0.31818181818181823,0.698361204013378,-0.4353846153846153,0.7802197802197801,28
